reference_id	accession	target	length	mapped_reads	proper_pair_fragments	fragments_per_million_input_pairs	breadth_1x_pct	breadth_5x_pct	breadth_10x_pct	mean_depth	median_depth	max_depth	MQ20_breadth_1x_pct	MQ20_mean_depth
HAstV1_A	LC694990.1	Human_astrovirus_1	6861	16064	8032	42593.58	99.23	98.94	98.92	519.45	530.00	1066	99.23	397.90
HAstV1_B	LC694997.1	Human_astrovirus_1	6743	1600	800	4242.39	97.98	97.15	91.16	52.00	44.00	190	84.58	21.58
HAstV2	KF039910.1	Human_astrovirus_2	6792	1024	512	2715.13	80.46	75.87	65.81	32.82	22.00	187	23.62	3.96
HAstV3	MN444721.1	Human_astrovirus_3	6790	10284	5142	27267.95	100.00	99.96	99.96	331.34	302.00	857	99.96	255.60
HAstV4	PV189388.1	Human_astrovirus_4	6737	352	176	933.33	46.62	41.31	33.89	10.36	0.00	91	11.15	0.39
HAstV5	MN433706.1	Human_astrovirus_5	6800	376	188	996.96	63.00	50.32	43.31	12.94	5.00	92	26.75	6.44
HAstV8	MK059956.1	Human_astrovirus_8	6759	486	243	1288.63	49.37	41.25	35.39	16.73	0.00	127	27.18	4.49
SaV_GI2	LC816474.1	Sapovirus_GI2	7493	378	189	1002.26	76.51	62.48	47.06	11.23	9.00	54	61.48	7.39
RVA_seg1	LC514470.1	Rotavirus_A_segment_1	3302	146	73	387.12	49.06	47.91	47.67	9.57	0.00	43	49.06	6.92
RVA_seg3	OR890193.1	Rotavirus_A_segment_3	2591	412	206	1092.42	97.68	96.64	87.03	37.05	30.00	116	97.61	32.42
HBoV2	FJ948860.1	Human_bocavirus_2	5264	292	146	774.24	69.28	52.11	43.10	13.41	6.00	75	69.24	13.14
HBoV3	OP255991.1	Human_bocavirus_3	5432	228	114	604.54	57.14	44.57	27.85	8.84	3.00	91	49.43	7.88
Rodent_BoV	KY927875.1	Rodent_bocavirus	4852	176	88	466.66	56.12	44.13	30.19	7.19	3.00	43	11.13	0.23
Porcine_BoV	MF085373.1	Porcine_bocavirus	5156	286	143	758.33	65.09	34.85	22.52	10.36	2.00	115	14.60	0.60
