reference_id	accession	target	length_bp
HAstV1_A	LC694990.1	Human_astrovirus_1	6861
HAstV1_B	LC694997.1	Human_astrovirus_1	6743
HAstV2	KF039910.1	Human_astrovirus_2	6792
HAstV3	MN444721.1	Human_astrovirus_3	6790
HAstV4	PV189388.1	Human_astrovirus_4	6737
HAstV5	MN433706.1	Human_astrovirus_5	6800
HAstV8	MK059956.1	Human_astrovirus_8	6759
SaV_GI2	LC816474.1	Sapovirus_GI2	7493
RVA_seg1	LC514470.1	Rotavirus_A_segment_1	3302
RVA_seg3	OR890193.1	Rotavirus_A_segment_3	2591
HBoV2	FJ948860.1	Human_bocavirus_2	5264
HBoV3	OP255991.1	Human_bocavirus_3	5432
Rodent_BoV	KY927875.1	Rodent_bocavirus	4852
Porcine_BoV	MF085373.1	Porcine_bocavirus	5156
