family	cluster_id	representative	representative_length	cluster_size	sample_count	samples	best_nt_accession	best_nt_name	query_coverage_pct	top_hsp_identity_pct	hsp_count	total_bitscore	match_quality	best_nt_title	annotation_source
Adenoviridae	Adenoviridae_C001	ERR14788954|k141_44	34268	5	4	ERR14788954,ERR14788991,ERR14788995,ERR14789044	ON532818	Human adenovirus 41	100.0	99.116	4	62146.0	strong	Human adenovirus 41 isolate Hannover_2012_6, complete genome	megablast
Adenoviridae	Adenoviridae_C002	ERR14788995|k141_3829	22263	2	2	ERR14788992,ERR14788995	PZ360988	Human adenovirus 41	99.0	99.954	5	41405.0	strong	Human adenovirus 41 isolate BC2 penton base protein, hexon protein, short fiber protein, and long fiber protein genes, complete cds	megablast
Adenoviridae	Adenoviridae_C003	ERR14788954|k141_1783	5194	1	1	ERR14788954	OR753124	Human mastadenovirus D	100.0	97.009	1	8739.0	strong	Human mastadenovirus D isolate HAdV-D/USA/8D10/2011[P47H15F15], complete genome	megablast
Adenoviridae	Adenoviridae_C004	ERR14788954|k141_8890	2826	1	1	ERR14788954	KF268319	Human mastadenovirus D	100.0	98.610	2	5017.0	strong	Human adenovirus D strain human/ARG/arg_00101/2010/58[P58H58F58], complete genome	megablast
Adenoviridae	Adenoviridae_C005	ERR14788954|k141_12718	2465	1	1	ERR14788954	KX827426	Human mastadenovirus D	99.0	98.691	1	4338.0	strong	Human mastadenovirus D strain human/PAR/Py52A/2010/83[P83H9F15], complete genome	megablast
Adenoviridae	Adenoviridae_C006	ERR14788954|k141_9847	1005	1	1	ERR14788954	KF268200	Human mastadenovirus D	97.0	99.281	1	1759.0	strong	Human mastadenovirus D strain human/USA/UFL/2005[P-NEW/H45/F-NEW], partial genome	megablast
Astroviridae	Astroviridae_C001	ERR14788992|k141_13885	6925	8	6	ERR14788864,ERR14788990,ERR14788991,ERR14788992,ERR14788995,ERR14789044	PP901925	Human astrovirus 1	100.0	99.426	2	12581.0	strong	Human astrovirus 1 isolate E59S4 putative serine protease (ORF1a) gene, complete cds; RNA-dependent RNA polymerase (ORF1b) gene, partial cds; and capsid protein (ORF2) gene, complete cds	megablast
Astroviridae	Astroviridae_C005	ERR14788990|k141_1202	4497	3	3	ERR14788990,ERR14788991,ERR14788992	MN444721	Human astrovirus 3	100.0	98.931	3	7878.0	strong	Human astrovirus 3 strain Hu/US/2017/CA-RGDS-1074, complete genome	megablast
Astroviridae	Astroviridae_C008	ERR14788991|k141_1065	3629	3	3	ERR14788990,ERR14788991,ERR14788992	MN444721	Human astrovirus 3	99.0	98.894	2	6423.0	strong	Human astrovirus 3 strain Hu/US/2017/CA-RGDS-1074, complete genome	megablast
Astroviridae	Astroviridae_C002	ERR14788954|k141_113	6868	2	2	ERR14788954,ERR14788990	JF327666	Human astrovirus	99.0	97.578	2	11715.0	strong	Human astrovirus strain Pune/063681/India, complete genome	megablast
Astroviridae	Astroviridae_C006	ERR14788988|k141_8673	4106	2	2	ERR14788988,ERR14788990	MG921619	Human astrovirus	99.0	99.572	2	7499.0	strong	Human astrovirus isolate Yu/1-CHN, complete genome	megablast
Astroviridae	Astroviridae_C003	ERR14788988|k141_14774	6459	1	1	ERR14788988	PQ435237	Mamastrovirus 2	99.0	95.100	2	10206.0	strong	Mamastrovirus 2 isolate FeAstV/THA/CU28799/2022 polyprotein 1ab, polyprotein 1a, and capsid protein genes, complete cds	megablast
Astroviridae	Astroviridae_C004	ERR14788991|k141_1036	5333	1	1	ERR14788991	KF039910	Human astrovirus 2	99.0	96.155	1	8711.0	strong	Human astrovirus 2 isolate Rus-Nsc05-430, complete genome	megablast
Astroviridae	Astroviridae_C007	ERR14789044|k141_2387	3810	1	1	ERR14789044	MT766328	Astrovirus MLB1	100.0	99.305	4	6919.0	strong	MAG: Astrovirus MLB1 isolate AstV/CHN/XJ/env/2018/ks11-ctg2 nonstructural protein gene, partial cds; and capsid protein precursor, gene, complete cds	megablast
Astroviridae	Astroviridae_C009	ERR14788954|k141_21331	2830	1	1	ERR14788954	KJ656124	Astrovirus VA5	100.0	96.861	2	4839.0	strong	Astrovirus VA5 isolate VA5/human/Gambia/102139/2009 putative serine protease gene, complete cds; putative RNA-dependent RNA polymerase gene, partial cds; and putative capsid protein gene, complete cds	megablast
Astroviridae	Astroviridae_C010	ERR14788954|k141_3447	2508	1	1	ERR14788954	PX619609	Human astrovirus 4	100.0	91.790	1	3491.0	strong	Human astrovirus 4 isolate p23795, complete genome	megablast
Astroviridae	Astroviridae_C011	ERR14788954|k141_23684	2413	1	1	ERR14788954	OQ802716	Jingmen rodent astrovirus 2	99.0	84.234	1	2644.0	moderate	MAG: Jingmen rodent astrovirus 2 isolate JM_Ra.norvegicus_astro_1 genomic sequence	sensitive_blastn
Astroviridae	Astroviridae_C012	ERR14788991|k141_2217	2320	1	1	ERR14788991	JX087965	Human astrovirus 1	100.0	97.520	4	3965.0	strong	Human astrovirus 1 strain ITA/2005/PA124/type1d RNA-dependent RNA polymerase (ORF1b) gene, partial cds; and capsid protein (ORF2) gene, complete cds	megablast
Astroviridae	Astroviridae_C013	ERR14788991|k141_1804	2066	1	1	ERR14788991	LC694997	Human astrovirus 1	100.0	94.686	2	3247.0	strong	Human astrovirus 1 HAstV1/181289/Tokyo/2018 RNA, nearly complete genome	megablast
Astroviridae	Astroviridae_C014	ERR14788990|k141_568	2013	1	1	ERR14788990	LC694997	Human astrovirus 1	99.0	98.587	2	3168.0	strong	Human astrovirus 1 HAstV1/181289/Tokyo/2018 RNA, nearly complete genome	megablast
Astroviridae	Astroviridae_C015	ERR14788954|k141_16872	1925	1	1	ERR14788954	KJ656124	Astrovirus VA5	97.0	96.583	1	3103.0	strong	Astrovirus VA5 isolate VA5/human/Gambia/102139/2009 putative serine protease gene, complete cds; putative RNA-dependent RNA polymerase gene, partial cds; and putative capsid protein gene, complete cds	megablast
Astroviridae	Astroviridae_C016	ERR14789044|k141_33	1664	1	1	ERR14789044	ON807354	Mamastrovirus 1	100.0	98.496	2	2965.0	strong	Mamastrovirus 1 isolate G22-014 putative serine protease gene, partial cds; and putative RNA-dependent RNA polymerase and capsid precursor protein genes, complete cds	megablast
Astroviridae	Astroviridae_C017	ERR14788990|k141_1280	1520	1	1	ERR14788990	MK882944	Human astrovirus 8	99.0	98.749	1	2700.0	strong	Human astrovirus 8 isolate Gen-640 capsid protein precursor, gene, complete cds	megablast
Astroviridae	Astroviridae_C018	ERR14788995|k141_2627	1455	1	1	ERR14788995	KX022687	Astrovirus MLB2	100.0	98.969	1	2604.0	strong	Astrovirus MLB2 isolate MLB2-LIHT putative RNA dependent RNA polymerase and putative serine protease genes, partial cds; and putative capsid protein gene, complete cds	megablast
Astroviridae	Astroviridae_C019	ERR14788990|k141_2323	1356	1	1	ERR14788990	PV189388	Human astrovirus 4	99.0	95.487	2	2078.0	strong	Human astrovirus 4 strain HAstV-4/Fuzhou2023124, complete genome	megablast
Astroviridae	Astroviridae_C020	ERR14788990|k141_2898	1085	1	1	ERR14788990	KF039910	Human astrovirus 2	100.0	95.662	2	1774.0	strong	Human astrovirus 2 isolate Rus-Nsc05-430, complete genome	megablast
Astroviridae	Astroviridae_C021	ERR14789044|k141_1969	1038	1	1	ERR14789044	MK108183	Mamastrovirus 1	100.0	100.000	3	1919.0	strong	Mamastrovirus 1 isolate HAstV-1/RUS/Novosibirsk/NS18-A1586/2018 RNA-dependent RNA polymerase (ORF1b) and capsid precursor protein (ORF2) genes, partial cds	megablast
Astroviridae	Astroviridae_C022	ERR14788990|k141_238	1000	1	1	ERR14788990	MH933757	Human astrovirus	98.0	97.454	1	1672.0	strong	Human astrovirus isolate CMRHP35D nonstructural protein and capsid protein genes, complete cds	megablast
Caliciviridae	Caliciviridae_C004	ERR14788991|k141_4783	2777	4	4	ERR14788954,ERR14788988,ERR14788991,ERR14788992	MF431582	Sapovirus Hu/GI.2/Dublin/2016/IRL	100.0	99.247	2	5027.0	strong	Sapovirus Hu/GI.2/Dublin/2016/IRL, partial genome	megablast
Caliciviridae	Caliciviridae_C009	ERR14788991|k141_4615	1766	2	2	ERR14788991,ERR14788992	MF431582	Sapovirus Hu/GI.2/Dublin/2016/IRL	100.0	99.037	1	3168.0	strong	Sapovirus Hu/GI.2/Dublin/2016/IRL, partial genome	megablast
Caliciviridae	Caliciviridae_C001	ERR14788954|k141_3875	7721	1	1	ERR14788954	MH608286	Norovirus GI	81.0	95.014	3	9857.0	strong	Norovirus GI isolate NV/CMRHP18/CMR/2014, complete genome	megablast
Caliciviridae	Caliciviridae_C002	ERR14788954|k141_15579	5510	1	1	ERR14788954	MH922773	Sapovirus GII	99.0	86.839	2	6601.9	moderate	Sapovirus GII strain Hu/KE/2008/GII.6/Siaya0494 polyprotein (ORF1) gene, partial cds; and hypothetical protein (ORF2) gene, complete cds	sensitive_blastn
Caliciviridae	Caliciviridae_C003	ERR14788954|k141_3618	4764	1	1	ERR14788954	OP255973	Sapovirus GI	99.0	95.611	1	7637.0	strong	Sapovirus GI strain Hu/NL/2016/RIVM_R01-06, complete genome	megablast
Caliciviridae	Caliciviridae_C005	ERR14789044|k141_25	2648	1	1	ERR14789044	MG012434	Sapovirus GV.1	99.0	98.819	1	4673.0	strong	Sapovirus GV.1 strain Hu/US/2014/GV.1/Nashville9492 ORF1 polyprotein gene, partial cds; and ORF2 protein gene, complete cds	megablast
Caliciviridae	Caliciviridae_C006	ERR14788991|k141_2057	2461	1	1	ERR14788991	LC816516	Sapovirus GII.2	99.0	98.312	3	4266.0	strong	Sapovirus GII.2 Hu/JPN/GII.2/2016/Mie-421 RNA, complete genome	megablast
Caliciviridae	Caliciviridae_C007	ERR14789044|k141_2725	2358	1	1	ERR14789044	MG012434	Sapovirus GV.1	100.0	98.813	1	4198.0	strong	Sapovirus GV.1 strain Hu/US/2014/GV.1/Nashville9492 ORF1 polyprotein gene, partial cds; and ORF2 protein gene, complete cds	megablast
Caliciviridae	Caliciviridae_C008	ERR14788991|k141_5592	2221	1	1	ERR14788991	MF431582	Sapovirus Hu/GI.2/Dublin/2016/IRL	99.0	99.296	3	4017.0	strong	Sapovirus Hu/GI.2/Dublin/2016/IRL, partial genome	megablast
Caliciviridae	Caliciviridae_C010	ERR14788954|k141_526	1745	1	1	ERR14788954	MN794213	Sapovirus GII.1	98.0	92.632	1	2459.0	strong	Sapovirus GII.1 isolate HK14 polyprotein gene, partial cds; and VP2 gene, complete cds	megablast
Caliciviridae	Caliciviridae_C011	ERR14788992|k141_12144	1690	1	1	ERR14788992	PP819507	Sapovirus GI.1	99.0	98.258	2	2975.0	strong	Sapovirus GI.1 isolate SVGI.1/10-18529/Shizuoka/2019, partial genome	megablast
Caliciviridae	Caliciviridae_C012	ERR14789044|k141_3236	1235	1	1	ERR14789044	MK291481	Sapovirus GI	99.0	98.488	2	2191.0	strong	Sapovirus GI isolate 17W1096 ORF1 and ORF2 genes, complete cds	megablast
Caliciviridae	Caliciviridae_C013	ERR14789044|k141_971	1142	1	1	ERR14789044	MN161596	Sapovirus GI	100.0	97.550	1	1954.0	strong	Sapovirus GI isolate TZ-Lib07-1 polyprotein (ORF1) and minor structural protein (ORF2) genes, complete cds	megablast
Caliciviridae	Caliciviridae_C014	ERR14788990|k141_36	1065	1	1	ERR14788990	PV013596	Sapovirus GI	99.0	99.341	1	1925.0	strong	Sapovirus GI isolate SAVUAEU2021B VP1 gene, partial cds	megablast
Caliciviridae	Caliciviridae_C015	ERR14788992|k141_4651	1034	1	1	ERR14788992	MK236611	Norovirus GI	100.0	97.786	1	1786.0	strong	Norovirus GI isolate NVRL17W01258 nonstructrual polyprotein (ORF1) gene, partial cds; and VP2 (ORF2) and VP3 (ORF3) genes, complete cds	megablast
Parvoviridae	Parvoviridae_C001	ERR14788995|k141_7572	5456	5	5	ERR14788954,ERR14788990,ERR14788992,ERR14788995,ERR14789044	OP255991	Human bocavirus 3	100.0	99.735	2	10012.0	strong	Human bocavirus 3 strain R04-14/Hu/NL/2018, complete genome	megablast
Parvoviridae	Parvoviridae_C002	ERR14788995|k141_6225	5313	4	4	ERR14788990,ERR14788991,ERR14788992,ERR14788995	KY927869	Rodent bocavirus	99.0	98.191	2	9157.0	strong	Rodent bocavirus isolate DLS16, complete genome	megablast
Parvoviridae	Parvoviridae_C006	ERR14789044|k141_3535	1802	3	3	ERR14788990,ERR14788992,ERR14789044	GU048664	Human bocavirus 2	96.0	99.564	2	3189.0	strong	Human bocavirus 2 strain CU1557UK, complete genome	megablast
Parvoviridae	Parvoviridae_C004	ERR14789044|k141_3682	2174	2	2	ERR14788992,ERR14789044	EU082213	Human bocavirus 2	99.0	99.759	2	3964.0	strong	Human bocavirus 2 strain W153, complete genome	megablast
Parvoviridae	Parvoviridae_C003	ERR14789044|k141_3120	3833	1	1	ERR14789044	KF771828	Canine bocavirus	99.0	97.459	2	6546.0	strong	Canine bocavirus isolate F13000791S, partial genome	megablast
Parvoviridae	Parvoviridae_C005	ERR14788995|k141_2517	2055	1	1	ERR14788995	GU048664	Human bocavirus 2	99.0	99.415	1	3720.0	strong	Human bocavirus 2 strain CU1557UK, complete genome	megablast
Parvoviridae	Parvoviridae_C007	ERR14788954|k141_5565	1660	1	1	ERR14788954	PP711821	Rattus rat parvovirus	99.0	90.459	1	2180.0	strong	MAG: Rattus rat parvovirus isolate 15A/Kenya/RNALIV2213/2016 genomic sequence	megablast
Parvoviridae	Parvoviridae_C008	ERR14788954|k141_11587	1377	1	1	ERR14788954	PP711821	Rattus rat parvovirus	98.0	94.383	1	2073.0	strong	MAG: Rattus rat parvovirus isolate 15A/Kenya/RNALIV2213/2016 genomic sequence	megablast
Parvoviridae	Parvoviridae_C009	ERR14788990|k141_2921	1126	1	1	ERR14788990	MF085373	Porcine bocavirus	97.0	97.793	2	1905.0	strong	Porcine bocavirus isolate PBov-JZ08, complete genome	megablast
Picornaviridae	Picornaviridae_C001	ERR14788954|k141_3867	7092	1	1	ERR14788954	KX171334	Enterovirus B106	100.0	82.178	2	7066.8	moderate	Enterovirus B106 isolate AKS-AWT-AFP2F/XJ/CHN/2011, complete genome	sensitive_blastn
Picornaviridae	Picornaviridae_C002	ERR14788954|k141_14829	6088	1	1	ERR14788954	AY302543	Echovirus E17	99.0	80.753	2	5851.0	moderate	Human echovirus 17 strain CHHE-29 complete genome	sensitive_blastn
Picornaviridae	Picornaviridae_C003	ERR14788954|k141_20958	3327	1	1	ERR14788954	GQ927704	aichivirus A1	100.0	87.556	1	4148.0	moderate	Aichi virus strain D/VI2169/2004 polyprotein gene, complete cds	sensitive_blastn
Picornaviridae	Picornaviridae_C004	ERR14788988|k141_8449	2954	1	1	ERR14788988	MF947441	Kobuvirus sp.	99.0	97.833	1	5099.0	strong	Kobuvirus sp. strain 16317x87 polyprotein gene, complete cds	megablast
Picornaviridae	Picornaviridae_C005	ERR14788954|k141_22448	2878	1	1	ERR14788954	PQ889394	Coxsackievirus A19	99.0	97.497	1	4915.0	strong	Coxsackievirus A19 isolate CMR-ENV01-C7 polyprotein gene, partial cds	megablast
Picornaviridae	Picornaviridae_C006	ERR14788954|k141_15999	2686	1	1	ERR14788954	PQ889394	Coxsackievirus A19	100.0	98.561	3	4762.0	strong	Coxsackievirus A19 isolate CMR-ENV01-C7 polyprotein gene, partial cds	megablast
Picornaviridae	Picornaviridae_C007	ERR14788954|k141_22664	2458	1	1	ERR14788954	MZ603081	Picornaviridae sp.	89.0	94.005	3	3195.0	strong	Picornaviridae sp. isolate EC-9-V_RVAB genomic sequence	megablast
Picornaviridae	Picornaviridae_C008	ERR14788954|k141_10866	2371	1	1	ERR14788954	LC321988	Echovirus E9	100.0	97.343	1	4030.0	strong	Echovirus E9 gene for polyprotein, partial cds, strain: 31170222	megablast
Picornaviridae	Picornaviridae_C009	ERR14788995|k141_7513	2262	1	1	ERR14788995	MK372823	aichivirus A1	98.0	96.496	1	3679.0	strong	Aichivirus A1 strain PAK585 polyprotein gene, complete cds	megablast
Picornaviridae	Picornaviridae_C010	ERR14788954|k141_18342	1980	1	1	ERR14788954	OQ791575	Coxsackievirus B5	98.0	86.471	1	2317.0	moderate	Coxsackievirus B5 isolate CVB5/USA/16K3/2018, complete genome	sensitive_blastn
Picornaviridae	Picornaviridae_C011	ERR14788954|k141_20065	1888	1	1	ERR14788954	PQ889389	Coxsackievirus A13	99.0	90.095	1	2449.0	strong	Coxsackievirus A13 isolate CMR-S46-N1 polyprotein gene, complete cds	megablast
Picornaviridae	Picornaviridae_C012	ERR14788954|k141_10512	1593	1	1	ERR14788954	PQ889359	Echovirus E18	99.0	92.575	2	2345.0	strong	Echovirus E18 isolate CMR-ENV06-N10 polyprotein gene, partial cds	megablast
Picornaviridae	Picornaviridae_C013	ERR14788954|k141_3382	1524	1	1	ERR14788954	PQ889405	Coxsackievirus A24	95.0	87.560	1	1809.0	moderate	Coxsackievirus A24 isolate CMR-S33-N2 polyprotein gene, complete cds	sensitive_blastn
Picornaviridae	Picornaviridae_C014	ERR14788954|k141_23799	1465	1	1	ERR14788954	PX441811	Enterovirus A119	99.0	89.686	1	1960.0	moderate	Enterovirus A119 isolate EVA119_250025037201a_FRA25, complete genome	sensitive_blastn
Picornaviridae	Picornaviridae_C015	ERR14788954|k141_15422	1294	1	1	ERR14788954	PQ889391	Coxsackievirus A13	100.0	87.287	2	1619.0	moderate	Coxsackievirus A13 isolate CMR-S60-N1 polyprotein gene, complete cds	sensitive_blastn
Picornaviridae	Picornaviridae_C016	ERR14788954|k141_19102	1187	1	1	ERR14788954	PQ889396	Coxsackievirus A19	98.0	95.189	2	1817.0	strong	Coxsackievirus A19 isolate CMR-S80-N1 polyprotein gene, complete cds	megablast
Picornaviridae	Picornaviridae_C017	ERR14788991|k141_5462	1116	1	1	ERR14788991	PV261144	Salivirus A	95.0	94.607	1	1639.0	strong	Salivirus A isolate ZJ28, complete genome	megablast
Picornaviridae	Picornaviridae_C018	ERR14788954|k141_21279	1070	1	1	ERR14788954	MH933858	Human enterovirus	92.0	88.057	1	1251.0	moderate	Human enterovirus isolate EV/Human/CMRHP55/CMR/2014 polyprotein gene, complete cds	sensitive_blastn
Picornaviridae	Picornaviridae_C019	ERR14789044|k141_1274	1061	1	1	ERR14789044	MG012434	Sapovirus GV.1	99.0	97.047	2	1806.0	strong	Sapovirus GV.1 strain Hu/US/2014/GV.1/Nashville9492 ORF1 polyprotein gene, partial cds; and ORF2 protein gene, complete cds	megablast
Picornaviridae	Picornaviridae_C020	ERR14788954|k141_7587	1007	1	1	ERR14788954	MH608285	Norovirus GII	94.0	96.832	1	1585.0	strong	Norovirus GII isolate NV/CMRHP1/CMR/2014 nonstructural polyprotein (ORF1) gene, partial cds; and VP1 (ORF2) and VP2 (ORF3) genes, complete cds	megablast
Picornaviridae	Picornaviridae_C021	ERR14788954|k141_22796	1004	1	1	ERR14788954	PV611449	Norovirus GII	100.0	98.805	1	1788.0	strong	Norovirus GII isolate BTY20M nonstructural polyprotein (ORF1) gene, partial cds; and VP1 (ORF2) and VP2 (ORF3) genes, complete cds	megablast
Sedoreoviridae	Sedoreoviridae_C004	ERR14788992|k141_14248	3205	3	3	ERR14788990,ERR14788991,ERR14788992	OR890193	Rotavirus A	99.0	99.219	2	5222.0	strong	Rotavirus A strain RVA/Human-wt/GHA/WMH-1439/2015/G9P[4] segment 3, complete sequence	megablast
Sedoreoviridae	Sedoreoviridae_C012	ERR14788992|k141_2176	1922	3	3	ERR14788990,ERR14788991,ERR14788992	LC491454	Human rotavirus A	100.0	99.303	4	3494.0	strong	Human rotavirus A RVA/Human-wt/VNM/RVN17.0879/2017/G9P[8] VP1 gene for VP1 protein, partial cds	megablast
Sedoreoviridae	Sedoreoviridae_C001	ERR14788992|k141_11532	3969	2	2	ERR14788991,ERR14788992	LC477448	Human rotavirus A	99.0	97.615	4	6535.0	strong	Human rotavirus A Human-wt/JPN/Tokyo17-119/2017/G3P[8](DS-1) VP1 gene for VP1 protein, complete cds	megablast
Sedoreoviridae	Sedoreoviridae_C011	ERR14788991|k141_5815	1923	2	2	ERR14788991,ERR14788992	KR705256	Rotavirus A	82.0	97.016	1	2656.0	strong	Rotavirus A strain RVA/Human-wt/BEL/BE31/2007/G2P[4] segment 1 VP1 (VP1) gene, partial cds	megablast
Sedoreoviridae	Sedoreoviridae_C013	ERR14788992|k141_382	1877	2	2	ERR14788990,ERR14788992	MH569759	Rotavirus A	99.0	98.738	2	3344.0	strong	Rotavirus A strain RVA/Human-wt/BRA/IAL-R608/2015/G3P[8] VP3 gene, complete cds	megablast
Sedoreoviridae	Sedoreoviridae_C014	ERR14788991|k141_4973	1772	2	2	ERR14788991,ERR14788992	OR890170	Rotavirus A	99.0	99.085	1	3142.0	strong	Rotavirus A strain RVA/Human-wt/GHA/103M/2015/G9P[4] segment 2, complete sequence	megablast
Sedoreoviridae	Sedoreoviridae_C002	ERR14788992|k141_2824	3596	1	1	ERR14788992	OR890125	Rotavirus A	99.0	99.101	3	6290.0	strong	Rotavirus A strain RVA/Human-wt/GHA/WMH-1439/2015/G9P[4] segment 4, complete sequence	megablast
Sedoreoviridae	Sedoreoviridae_C003	ERR14788992|k141_8616	3408	1	1	ERR14788992	LC455770	Rotavirus A	98.0	99.696	4	3875.0	strong	Rotavirus A RVA/Human-wt/THA/MS2014-0134/2014/G3P[8] gene for structural protein VP7, complete cds	megablast
Sedoreoviridae	Sedoreoviridae_C005	ERR14788992|k141_744	2743	1	1	ERR14788992	LC477618	Human rotavirus A	99.0	99.811	3	3876.0	strong	Human rotavirus A Human-wt/JPN/Tokyo18-49/2018/G9P[8]-E1 NSP3 gene for NSP3 protein, complete cds	megablast
Sedoreoviridae	Sedoreoviridae_C006	ERR14788992|k141_4476	2450	1	1	ERR14788992	PZ436761	Human rotavirus C	99.0	99.239	2	4389.0	strong	Human rotavirus C strain RVC/Human/CHN/GS-Pt7/2025/G4P[2] structural protein 2 (VP2) gene, complete cds	megablast
Sedoreoviridae	Sedoreoviridae_C007	ERR14788992|k141_13491	2276	1	1	ERR14788992	PX211134	Rotavirus alphagastroenteritidis	100.0	97.803	3	3937.0	strong	Rotavirus alphagastroenteritidis isolate 18IRL26245 VP1 gene, complete cds	megablast
Sedoreoviridae	Sedoreoviridae_C008	ERR14788992|k141_6124	2190	1	1	ERR14788992	PZ436762	Human rotavirus C	98.0	99.276	2	3890.0	strong	Human rotavirus C strain RVC/Human/CHN/GS-Pt7/2025/G4P[2] structural protein 3 (VP3) gene, complete cds	megablast
Sedoreoviridae	Sedoreoviridae_C009	ERR14788992|k141_7633	2074	1	1	ERR14788992	OR193448	Rotavirus A	99.0	97.927	3	3553.0	strong	Rotavirus A isolate RVA/Human-wt/IND/CM-0204/2013/G12P[8]I1R1C1M1A1N1T1E1H1 core protein (VP2) gene, complete cds	megablast
Sedoreoviridae	Sedoreoviridae_C010	ERR14788991|k141_4602	2053	1	1	ERR14788991	PX492905	Rotavirus alphagastroenteritidis	99.0	97.771	2	3513.0	strong	Rotavirus alphagastroenteritidis isolate RVA/Human-wt/MWI/BTY1M4/2016/G1P[8] VP2 gene, complete cds	megablast
Sedoreoviridae	Sedoreoviridae_C015	ERR14788992|k141_1970	1490	1	1	ERR14788992	MN206054	Human rotavirus C	100.0	99.433	2	2712.0	strong	Human rotavirus C strain RVC/Hu-wt/RUS/Novosibirsk/NS17-A1035/2017 outer capsid protein VP4 (VP4) gene, complete cds	megablast
Sedoreoviridae	Sedoreoviridae_C016	ERR14788992|k141_12191	1376	1	1	ERR14788992	MK029688	Human rotavirus P[8]	100.0	99.441	2	2391.0	strong	Human rotavirus P[8] isolate Human/88/IRI/2016/P[8] outer capsid protein VP4 (VP4) gene, partial cds	megablast
Sedoreoviridae	Sedoreoviridae_C017	ERR14788992|k141_1500	1332	1	1	ERR14788992	JF490795	Rotavirus A human/Vanderbilt/VU05-06-67/2005/G1P[8]	99.0	98.743	3	2318.0	strong	Rotavirus A human/Vanderbilt/VU05-06-67/2005/G1P[8] segment 3 guanylyl transferase (VP3) gene, complete cds	megablast
Sedoreoviridae	Sedoreoviridae_C018	ERR14788992|k141_5652	1311	1	1	ERR14788992	JQ069757	Human rotavirus A	100.0	98.493	2	2321.1	strong	Human rotavirus A strain RVA/Human-wt/CAN/RT172-07/2008/G1P8 methyltransferase (M) gene, complete cds	megablast
Sedoreoviridae	Sedoreoviridae_C019	ERR14788991|k141_3712	1215	1	1	ERR14788991	KC580308	Rotavirus A	100.0	98.404	2	2092.0	strong	Rotavirus A strain RVA/Human-wt/USA/DC5413/1991/G1P[8] segment 1 RNA-dependent RNA polymerase VP1 (VP1) gene, complete cds	megablast
Sedoreoviridae	Sedoreoviridae_C020	ERR14788991|k141_4019	1115	1	1	ERR14788991	KU248375	Human rotavirus A	100.0	97.633	2	1967.0	strong	Human rotavirus A strain RVA/Human-wt/BGN/J303/2010/G2P[4] VP4 gene, complete cds	megablast
Sedoreoviridae	Sedoreoviridae_C021	ERR14788991|k141_3749	1110	1	1	ERR14788991	ON791955	Rotavirus A	99.0	97.933	3	1959.0	strong	Rotavirus A strain RVA/Human-wt/MWI/CHX11S/2019/G3P[8] VP4 gene, complete cds	megablast
Sedoreoviridae	Sedoreoviridae_C022	ERR14788991|k141_5013	1066	1	1	ERR14788991	LC227964	Human rotavirus A	97.0	99.517	1	1886.0	strong	Human rotavirus A VP3 gene for VP3 protein, complete cds, strain: RVA/Human-wt/IND/Kol-066/2013/G9P[4]	megablast
Sedoreoviridae	Sedoreoviridae_C023	ERR14788992|k141_7803	1004	1	1	ERR14788992	LC477521	Human rotavirus A	100.0	99.172	3	1765.0	strong	Human rotavirus A Human-wt/JPN/Tokyo18-37/2018/G9P[8]-E1 VP3 gene for VP3 protein, complete cds	megablast
