cluster_id	original_family	reconciled_family	best_nt_name	best_nt_accession	match_quality	query_coverage_pct	top_hsp_identity_pct	biological_label	biological_group	segment	grouping_level	review_flag	representative	representative_length	sample_count	samples	best_nt_title
Adenoviridae_C001	Adenoviridae	Adenoviridae	Human adenovirus 41	ON532818	strong	100.0	99.116	Human adenovirus 41-like	HAdV41		virus_like	NO	ERR14788954|k141_44	34268	4	ERR14788954,ERR14788991,ERR14788995,ERR14789044	Human adenovirus 41 isolate Hannover_2012_6, complete genome
Adenoviridae_C002	Adenoviridae	Adenoviridae	Human adenovirus 41	PZ360988	strong	99.0	99.954	Human adenovirus 41-like	HAdV41		virus_like	NO	ERR14788995|k141_3829	22263	2	ERR14788992,ERR14788995	Human adenovirus 41 isolate BC2 penton base protein, hexon protein, short fiber protein, and long fiber protein genes, complete cds
Adenoviridae_C003	Adenoviridae	Adenoviridae	Human mastadenovirus D	OR753124	strong	100.0	97.009	Human mastadenovirus D-like	HAdV_D_like		virus_like	NO	ERR14788954|k141_1783	5194	1	ERR14788954	Human mastadenovirus D isolate HAdV-D/USA/8D10/2011[P47H15F15], complete genome
Adenoviridae_C004	Adenoviridae	Adenoviridae	Human mastadenovirus D	KF268319	strong	100.0	98.610	Human mastadenovirus D-like	HAdV_D_like		virus_like	NO	ERR14788954|k141_8890	2826	1	ERR14788954	Human adenovirus D strain human/ARG/arg_00101/2010/58[P58H58F58], complete genome
Adenoviridae_C005	Adenoviridae	Adenoviridae	Human mastadenovirus D	KX827426	strong	99.0	98.691	Human mastadenovirus D-like	HAdV_D_like		virus_like	NO	ERR14788954|k141_12718	2465	1	ERR14788954	Human mastadenovirus D strain human/PAR/Py52A/2010/83[P83H9F15], complete genome
Adenoviridae_C006	Adenoviridae	Adenoviridae	Human mastadenovirus D	KF268200	strong	97.0	99.281	Human mastadenovirus D-like	HAdV_D_like		virus_like	NO	ERR14788954|k141_9847	1005	1	ERR14788954	Human mastadenovirus D strain human/USA/UFL/2005[P-NEW/H45/F-NEW], partial genome
Astroviridae_C001	Astroviridae	Astroviridae	Human astrovirus 1	PP901925	strong	100.0	99.426	HAstV-1-like population A	HAstV1_A		cluster_refined	NO	ERR14788992|k141_13885	6925	6	ERR14788864,ERR14788990,ERR14788991,ERR14788992,ERR14788995,ERR14789044	Human astrovirus 1 isolate E59S4 putative serine protease (ORF1a) gene, complete cds; RNA-dependent RNA polymerase (ORF1b) gene, partial cds; and capsid protein (ORF2) gene, complete cds
Astroviridae_C005	Astroviridae	Astroviridae	Human astrovirus 3	MN444721	strong	100.0	98.931	HAstV-3-like	HAstV3		cluster_refined	NO	ERR14788990|k141_1202	4497	3	ERR14788990,ERR14788991,ERR14788992	Human astrovirus 3 strain Hu/US/2017/CA-RGDS-1074, complete genome
Astroviridae_C008	Astroviridae	Astroviridae	Human astrovirus 3	MN444721	strong	99.0	98.894	HAstV-3-like	HAstV3		cluster_refined	NO	ERR14788991|k141_1065	3629	3	ERR14788990,ERR14788991,ERR14788992	Human astrovirus 3 strain Hu/US/2017/CA-RGDS-1074, complete genome
Astroviridae_C002	Astroviridae	Astroviridae	Human astrovirus	JF327666	strong	99.0	97.578	HAstV-1-like population B	HAstV1_B		cluster_refined	NO	ERR14788954|k141_113	6868	2	ERR14788954,ERR14788990	Human astrovirus strain Pune/063681/India, complete genome
Astroviridae_C006	Astroviridae	Astroviridae	Human astrovirus	MG921619	strong	99.0	99.572	HAstV-5-like	HAstV5		cluster_refined	NO	ERR14788988|k141_8673	4106	2	ERR14788988,ERR14788990	Human astrovirus isolate Yu/1-CHN, complete genome
Astroviridae_C003	Astroviridae	Astroviridae	Mamastrovirus 2	PQ435237	strong	99.0	95.100	Mamastrovirus 2-like	Mamastrovirus2_like		virus_like	NO	ERR14788988|k141_14774	6459	1	ERR14788988	Mamastrovirus 2 isolate FeAstV/THA/CU28799/2022 polyprotein 1ab, polyprotein 1a, and capsid protein genes, complete cds
Astroviridae_C004	Astroviridae	Astroviridae	Human astrovirus 2	KF039910	strong	99.0	96.155	HAstV-2-like	HAstV2		virus_like	NO	ERR14788991|k141_1036	5333	1	ERR14788991	Human astrovirus 2 isolate Rus-Nsc05-430, complete genome
Astroviridae_C007	Astroviridae	Astroviridae	Astrovirus MLB1	MT766328	strong	100.0	99.305	Astrovirus MLB1-like	MLB1		virus_like	NO	ERR14789044|k141_2387	3810	1	ERR14789044	MAG: Astrovirus MLB1 isolate AstV/CHN/XJ/env/2018/ks11-ctg2 nonstructural protein gene, partial cds; and capsid protein precursor, gene, complete cds
Astroviridae_C009	Astroviridae	Astroviridae	Astrovirus VA5	KJ656124	strong	100.0	96.861	Astrovirus VA5-like	VA5		virus_like	NO	ERR14788954|k141_21331	2830	1	ERR14788954	Astrovirus VA5 isolate VA5/human/Gambia/102139/2009 putative serine protease gene, complete cds; putative RNA-dependent RNA polymerase gene, partial cds; and putative capsid protein gene, complete cds
Astroviridae_C010	Astroviridae	Astroviridae	Human astrovirus 4	PX619609	strong	100.0	91.790	HAstV-4-like	HAstV4		virus_like	NO	ERR14788954|k141_3447	2508	1	ERR14788954	Human astrovirus 4 isolate p23795, complete genome
Astroviridae_C011	Astroviridae	Astroviridae	Jingmen rodent astrovirus 2	OQ802716	moderate	99.0	84.234	Jingmen rodent astrovirus 2-like	Rodent_astrovirus_like		virus_like	NO	ERR14788954|k141_23684	2413	1	ERR14788954	MAG: Jingmen rodent astrovirus 2 isolate JM_Ra.norvegicus_astro_1 genomic sequence
Astroviridae_C012	Astroviridae	Astroviridae	Human astrovirus 1	JX087965	strong	100.0	97.520	HAstV-1-like	HAstV1		virus_like	NO	ERR14788991|k141_2217	2320	1	ERR14788991	Human astrovirus 1 strain ITA/2005/PA124/type1d RNA-dependent RNA polymerase (ORF1b) gene, partial cds; and capsid protein (ORF2) gene, complete cds
Astroviridae_C013	Astroviridae	Astroviridae	Human astrovirus 1	LC694997	strong	100.0	94.686	HAstV-1-like	HAstV1		virus_like	NO	ERR14788991|k141_1804	2066	1	ERR14788991	Human astrovirus 1 HAstV1/181289/Tokyo/2018 RNA, nearly complete genome
Astroviridae_C014	Astroviridae	Astroviridae	Human astrovirus 1	LC694997	strong	99.0	98.587	HAstV-1-like	HAstV1		virus_like	NO	ERR14788990|k141_568	2013	1	ERR14788990	Human astrovirus 1 HAstV1/181289/Tokyo/2018 RNA, nearly complete genome
Astroviridae_C015	Astroviridae	Astroviridae	Astrovirus VA5	KJ656124	strong	97.0	96.583	Astrovirus VA5-like	VA5		virus_like	NO	ERR14788954|k141_16872	1925	1	ERR14788954	Astrovirus VA5 isolate VA5/human/Gambia/102139/2009 putative serine protease gene, complete cds; putative RNA-dependent RNA polymerase gene, partial cds; and putative capsid protein gene, complete cds
Astroviridae_C016	Astroviridae	Astroviridae	Mamastrovirus 1	ON807354	strong	100.0	98.496	Mamastrovirus 1-like	Mamastrovirus1_like		virus_like	NO	ERR14789044|k141_33	1664	1	ERR14789044	Mamastrovirus 1 isolate G22-014 putative serine protease gene, partial cds; and putative RNA-dependent RNA polymerase and capsid precursor protein genes, complete cds
Astroviridae_C017	Astroviridae	Astroviridae	Human astrovirus 8	MK882944	strong	99.0	98.749	HAstV-8-like	HAstV8		virus_like	NO	ERR14788990|k141_1280	1520	1	ERR14788990	Human astrovirus 8 isolate Gen-640 capsid protein precursor, gene, complete cds
Astroviridae_C018	Astroviridae	Astroviridae	Astrovirus MLB2	KX022687	strong	100.0	98.969	Astrovirus MLB2-like	MLB2		virus_like	NO	ERR14788995|k141_2627	1455	1	ERR14788995	Astrovirus MLB2 isolate MLB2-LIHT putative RNA dependent RNA polymerase and putative serine protease genes, partial cds; and putative capsid protein gene, complete cds
Astroviridae_C019	Astroviridae	Astroviridae	Human astrovirus 4	PV189388	strong	99.0	95.487	HAstV-4-like	HAstV4		virus_like	NO	ERR14788990|k141_2323	1356	1	ERR14788990	Human astrovirus 4 strain HAstV-4/Fuzhou2023124, complete genome
Astroviridae_C020	Astroviridae	Astroviridae	Human astrovirus 2	KF039910	strong	100.0	95.662	HAstV-2-like	HAstV2		virus_like	NO	ERR14788990|k141_2898	1085	1	ERR14788990	Human astrovirus 2 isolate Rus-Nsc05-430, complete genome
Astroviridae_C021	Astroviridae	Astroviridae	Mamastrovirus 1	MK108183	strong	100.0	100.000	Mamastrovirus 1-like	Mamastrovirus1_like		virus_like	NO	ERR14789044|k141_1969	1038	1	ERR14789044	Mamastrovirus 1 isolate HAstV-1/RUS/Novosibirsk/NS18-A1586/2018 RNA-dependent RNA polymerase (ORF1b) and capsid precursor protein (ORF2) genes, partial cds
Astroviridae_C022	Astroviridae	Astroviridae	Human astrovirus	MH933757	strong	98.0	97.454	Human astrovirus-like, unresolved type	HAstV_unresolved		virus_like	YES	ERR14788990|k141_238	1000	1	ERR14788990	Human astrovirus isolate CMRHP35D nonstructural protein and capsid protein genes, complete cds
Caliciviridae_C004	Caliciviridae	Caliciviridae	Sapovirus Hu/GI.2/Dublin/2016/IRL	MF431582	strong	100.0	99.247	Sapovirus GI-like	SaV_GI		genogroup_like	NO	ERR14788991|k141_4783	2777	4	ERR14788954,ERR14788988,ERR14788991,ERR14788992	Sapovirus Hu/GI.2/Dublin/2016/IRL, partial genome
Caliciviridae_C009	Caliciviridae	Caliciviridae	Sapovirus Hu/GI.2/Dublin/2016/IRL	MF431582	strong	100.0	99.037	Sapovirus GI-like	SaV_GI		genogroup_like	NO	ERR14788991|k141_4615	1766	2	ERR14788991,ERR14788992	Sapovirus Hu/GI.2/Dublin/2016/IRL, partial genome
Caliciviridae_C001	Caliciviridae	Caliciviridae	Norovirus GI	MH608286	strong	81.0	95.014	Norovirus GI-like	NoV_GI		genogroup_like	NO	ERR14788954|k141_3875	7721	1	ERR14788954	Norovirus GI isolate NV/CMRHP18/CMR/2014, complete genome
Caliciviridae_C002	Caliciviridae	Caliciviridae	Sapovirus GII	MH922773	moderate	99.0	86.839	Sapovirus GII-like	SaV_GII		genogroup_like	NO	ERR14788954|k141_15579	5510	1	ERR14788954	Sapovirus GII strain Hu/KE/2008/GII.6/Siaya0494 polyprotein (ORF1) gene, partial cds; and hypothetical protein (ORF2) gene, complete cds
Caliciviridae_C003	Caliciviridae	Caliciviridae	Sapovirus GI	OP255973	strong	99.0	95.611	Sapovirus GI-like	SaV_GI		genogroup_like	NO	ERR14788954|k141_3618	4764	1	ERR14788954	Sapovirus GI strain Hu/NL/2016/RIVM_R01-06, complete genome
Caliciviridae_C005	Caliciviridae	Caliciviridae	Sapovirus GV.1	MG012434	strong	99.0	98.819	Sapovirus GV-like	SaV_GV		genogroup_like	NO	ERR14789044|k141_25	2648	1	ERR14789044	Sapovirus GV.1 strain Hu/US/2014/GV.1/Nashville9492 ORF1 polyprotein gene, partial cds; and ORF2 protein gene, complete cds
Caliciviridae_C006	Caliciviridae	Caliciviridae	Sapovirus GII.2	LC816516	strong	99.0	98.312	Sapovirus GII-like	SaV_GII		genogroup_like	NO	ERR14788991|k141_2057	2461	1	ERR14788991	Sapovirus GII.2 Hu/JPN/GII.2/2016/Mie-421 RNA, complete genome
Caliciviridae_C007	Caliciviridae	Caliciviridae	Sapovirus GV.1	MG012434	strong	100.0	98.813	Sapovirus GV-like	SaV_GV		genogroup_like	NO	ERR14789044|k141_2725	2358	1	ERR14789044	Sapovirus GV.1 strain Hu/US/2014/GV.1/Nashville9492 ORF1 polyprotein gene, partial cds; and ORF2 protein gene, complete cds
Caliciviridae_C008	Caliciviridae	Caliciviridae	Sapovirus Hu/GI.2/Dublin/2016/IRL	MF431582	strong	99.0	99.296	Sapovirus GI-like	SaV_GI		genogroup_like	NO	ERR14788991|k141_5592	2221	1	ERR14788991	Sapovirus Hu/GI.2/Dublin/2016/IRL, partial genome
Caliciviridae_C010	Caliciviridae	Caliciviridae	Sapovirus GII.1	MN794213	strong	98.0	92.632	Sapovirus GII-like	SaV_GII		genogroup_like	NO	ERR14788954|k141_526	1745	1	ERR14788954	Sapovirus GII.1 isolate HK14 polyprotein gene, partial cds; and VP2 gene, complete cds
Caliciviridae_C011	Caliciviridae	Caliciviridae	Sapovirus GI.1	PP819507	strong	99.0	98.258	Sapovirus GI-like	SaV_GI		genogroup_like	NO	ERR14788992|k141_12144	1690	1	ERR14788992	Sapovirus GI.1 isolate SVGI.1/10-18529/Shizuoka/2019, partial genome
Caliciviridae_C012	Caliciviridae	Caliciviridae	Sapovirus GI	MK291481	strong	99.0	98.488	Sapovirus GI-like	SaV_GI		genogroup_like	NO	ERR14789044|k141_3236	1235	1	ERR14789044	Sapovirus GI isolate 17W1096 ORF1 and ORF2 genes, complete cds
Caliciviridae_C013	Caliciviridae	Caliciviridae	Sapovirus GI	MN161596	strong	100.0	97.550	Sapovirus GI-like	SaV_GI		genogroup_like	NO	ERR14789044|k141_971	1142	1	ERR14789044	Sapovirus GI isolate TZ-Lib07-1 polyprotein (ORF1) and minor structural protein (ORF2) genes, complete cds
Caliciviridae_C014	Caliciviridae	Caliciviridae	Sapovirus GI	PV013596	strong	99.0	99.341	Sapovirus GI-like	SaV_GI		genogroup_like	NO	ERR14788990|k141_36	1065	1	ERR14788990	Sapovirus GI isolate SAVUAEU2021B VP1 gene, partial cds
Caliciviridae_C015	Caliciviridae	Caliciviridae	Norovirus GI	MK236611	strong	100.0	97.786	Norovirus GI-like	NoV_GI		genogroup_like	NO	ERR14788992|k141_4651	1034	1	ERR14788992	Norovirus GI isolate NVRL17W01258 nonstructrual polyprotein (ORF1) gene, partial cds; and VP2 (ORF2) and VP3 (ORF3) genes, complete cds
Parvoviridae_C001	Parvoviridae	Parvoviridae	Human bocavirus 3	OP255991	strong	100.0	99.735	Human bocavirus 3-like	HBoV3		virus_like	NO	ERR14788995|k141_7572	5456	5	ERR14788954,ERR14788990,ERR14788992,ERR14788995,ERR14789044	Human bocavirus 3 strain R04-14/Hu/NL/2018, complete genome
Parvoviridae_C002	Parvoviridae	Parvoviridae	Rodent bocavirus	KY927869	strong	99.0	98.191	Rodent bocavirus-like	Rodent_BoV_like		virus_like	NO	ERR14788995|k141_6225	5313	4	ERR14788990,ERR14788991,ERR14788992,ERR14788995	Rodent bocavirus isolate DLS16, complete genome
Parvoviridae_C006	Parvoviridae	Parvoviridae	Human bocavirus 2	GU048664	strong	96.0	99.564	Human bocavirus 2-like	HBoV2		virus_like	NO	ERR14789044|k141_3535	1802	3	ERR14788990,ERR14788992,ERR14789044	Human bocavirus 2 strain CU1557UK, complete genome
Parvoviridae_C004	Parvoviridae	Parvoviridae	Human bocavirus 2	EU082213	strong	99.0	99.759	Human bocavirus 2-like	HBoV2		virus_like	NO	ERR14789044|k141_3682	2174	2	ERR14788992,ERR14789044	Human bocavirus 2 strain W153, complete genome
Parvoviridae_C003	Parvoviridae	Parvoviridae	Canine bocavirus	KF771828	strong	99.0	97.459	Canine bocavirus-like	Canine_BoV_like		virus_like	NO	ERR14789044|k141_3120	3833	1	ERR14789044	Canine bocavirus isolate F13000791S, partial genome
Parvoviridae_C005	Parvoviridae	Parvoviridae	Human bocavirus 2	GU048664	strong	99.0	99.415	Human bocavirus 2-like	HBoV2		virus_like	NO	ERR14788995|k141_2517	2055	1	ERR14788995	Human bocavirus 2 strain CU1557UK, complete genome
Parvoviridae_C007	Parvoviridae	Parvoviridae	Rattus rat parvovirus	PP711821	strong	99.0	90.459	Rattus rat parvovirus-like	Rat_parvovirus_like		virus_like	NO	ERR14788954|k141_5565	1660	1	ERR14788954	MAG: Rattus rat parvovirus isolate 15A/Kenya/RNALIV2213/2016 genomic sequence
Parvoviridae_C008	Parvoviridae	Parvoviridae	Rattus rat parvovirus	PP711821	strong	98.0	94.383	Rattus rat parvovirus-like	Rat_parvovirus_like		virus_like	NO	ERR14788954|k141_11587	1377	1	ERR14788954	MAG: Rattus rat parvovirus isolate 15A/Kenya/RNALIV2213/2016 genomic sequence
Parvoviridae_C009	Parvoviridae	Parvoviridae	Porcine bocavirus	MF085373	strong	97.0	97.793	Porcine bocavirus-like	Porcine_BoV_like		virus_like	NO	ERR14788990|k141_2921	1126	1	ERR14788990	Porcine bocavirus isolate PBov-JZ08, complete genome
Picornaviridae_C001	Picornaviridae	Picornaviridae	Enterovirus B106	KX171334	moderate	100.0	82.178	Divergent Enterovirus B-like (Enterovirus B106 best hit)	Enterovirus_B_like		broad_divergent_group	NO	ERR14788954|k141_3867	7092	1	ERR14788954	Enterovirus B106 isolate AKS-AWT-AFP2F/XJ/CHN/2011, complete genome
Picornaviridae_C002	Picornaviridae	Picornaviridae	Echovirus E17	AY302543	moderate	99.0	80.753	Divergent Enterovirus B-like (Echovirus E17 best hit)	Enterovirus_B_like		broad_divergent_group	NO	ERR14788954|k141_14829	6088	1	ERR14788954	Human echovirus 17 strain CHHE-29 complete genome
Picornaviridae_C003	Picornaviridae	Picornaviridae	aichivirus A1	GQ927704	moderate	100.0	87.556	Divergent Aichivirus A-like	Aichivirus_A_like		broad_divergent_group	NO	ERR14788954|k141_20958	3327	1	ERR14788954	Aichi virus strain D/VI2169/2004 polyprotein gene, complete cds
Picornaviridae_C004	Picornaviridae	Picornaviridae	Kobuvirus sp.	MF947441	strong	99.0	97.833	Kobuvirus sp.-like	Kobuvirus_like		best_hit_like	NO	ERR14788988|k141_8449	2954	1	ERR14788988	Kobuvirus sp. strain 16317x87 polyprotein gene, complete cds
Picornaviridae_C005	Picornaviridae	Picornaviridae	Coxsackievirus A19	PQ889394	strong	99.0	97.497	Coxsackievirus A19-like	Coxsackievirus_A19_like		best_hit_like	NO	ERR14788954|k141_22448	2878	1	ERR14788954	Coxsackievirus A19 isolate CMR-ENV01-C7 polyprotein gene, partial cds
Picornaviridae_C006	Picornaviridae	Picornaviridae	Coxsackievirus A19	PQ889394	strong	100.0	98.561	Coxsackievirus A19-like	Coxsackievirus_A19_like		best_hit_like	NO	ERR14788954|k141_15999	2686	1	ERR14788954	Coxsackievirus A19 isolate CMR-ENV01-C7 polyprotein gene, partial cds
Picornaviridae_C007	Picornaviridae	Picornaviridae	Picornaviridae sp.	MZ603081	strong	89.0	94.005	Picornaviridae sp.-like	Picornavirus_unresolved		best_hit_like	YES	ERR14788954|k141_22664	2458	1	ERR14788954	Picornaviridae sp. isolate EC-9-V_RVAB genomic sequence
Picornaviridae_C008	Picornaviridae	Picornaviridae	Echovirus E9	LC321988	strong	100.0	97.343	Echovirus E9-like	Echovirus_E9_like		best_hit_like	NO	ERR14788954|k141_10866	2371	1	ERR14788954	Echovirus E9 gene for polyprotein, partial cds, strain: 31170222
Picornaviridae_C009	Picornaviridae	Picornaviridae	aichivirus A1	MK372823	strong	98.0	96.496	aichivirus A1-like	Aichivirus_A1_like		best_hit_like	NO	ERR14788995|k141_7513	2262	1	ERR14788995	Aichivirus A1 strain PAK585 polyprotein gene, complete cds
Picornaviridae_C010	Picornaviridae	Picornaviridae	Coxsackievirus B5	OQ791575	moderate	98.0	86.471	Divergent Enterovirus B-like (Coxsackievirus B5 best hit)	Enterovirus_B_like		broad_divergent_group	NO	ERR14788954|k141_18342	1980	1	ERR14788954	Coxsackievirus B5 isolate CVB5/USA/16K3/2018, complete genome
Picornaviridae_C011	Picornaviridae	Picornaviridae	Coxsackievirus A13	PQ889389	strong	99.0	90.095	Coxsackievirus A13-like	Coxsackievirus_A13_like		best_hit_like	NO	ERR14788954|k141_20065	1888	1	ERR14788954	Coxsackievirus A13 isolate CMR-S46-N1 polyprotein gene, complete cds
Picornaviridae_C012	Picornaviridae	Picornaviridae	Echovirus E18	PQ889359	strong	99.0	92.575	Echovirus E18-like	Echovirus_E18_like		best_hit_like	NO	ERR14788954|k141_10512	1593	1	ERR14788954	Echovirus E18 isolate CMR-ENV06-N10 polyprotein gene, partial cds
Picornaviridae_C013	Picornaviridae	Picornaviridae	Coxsackievirus A24	PQ889405	moderate	95.0	87.560	Divergent Enterovirus A-like (Coxsackievirus A24 best hit)	Enterovirus_A_like		broad_divergent_group	NO	ERR14788954|k141_3382	1524	1	ERR14788954	Coxsackievirus A24 isolate CMR-S33-N2 polyprotein gene, complete cds
Picornaviridae_C014	Picornaviridae	Picornaviridae	Enterovirus A119	PX441811	moderate	99.0	89.686	Divergent Enterovirus A-like (Enterovirus A119 best hit)	Enterovirus_A_like		broad_divergent_group	NO	ERR14788954|k141_23799	1465	1	ERR14788954	Enterovirus A119 isolate EVA119_250025037201a_FRA25, complete genome
Picornaviridae_C015	Picornaviridae	Picornaviridae	Coxsackievirus A13	PQ889391	moderate	100.0	87.287	Divergent Enterovirus A-like (Coxsackievirus A13 best hit)	Enterovirus_A_like		broad_divergent_group	NO	ERR14788954|k141_15422	1294	1	ERR14788954	Coxsackievirus A13 isolate CMR-S60-N1 polyprotein gene, complete cds
Picornaviridae_C016	Picornaviridae	Picornaviridae	Coxsackievirus A19	PQ889396	strong	98.0	95.189	Coxsackievirus A19-like	Coxsackievirus_A19_like		best_hit_like	NO	ERR14788954|k141_19102	1187	1	ERR14788954	Coxsackievirus A19 isolate CMR-S80-N1 polyprotein gene, complete cds
Picornaviridae_C017	Picornaviridae	Picornaviridae	Salivirus A	PV261144	strong	95.0	94.607	Salivirus A-like	Salivirus_A_like		best_hit_like	NO	ERR14788991|k141_5462	1116	1	ERR14788991	Salivirus A isolate ZJ28, complete genome
Picornaviridae_C018	Picornaviridae	Picornaviridae	Human enterovirus	MH933858	moderate	92.0	88.057	Divergent human enterovirus-like	Enterovirus_unresolved		broad_divergent_group	YES	ERR14788954|k141_21279	1070	1	ERR14788954	Human enterovirus isolate EV/Human/CMRHP55/CMR/2014 polyprotein gene, complete cds
Picornaviridae_C019	Picornaviridae	Caliciviridae	Sapovirus GV.1	MG012434	strong	99.0	97.047	Sapovirus GV-like	SaV_GV		genogroup_like	NO	ERR14789044|k141_1274	1061	1	ERR14789044	Sapovirus GV.1 strain Hu/US/2014/GV.1/Nashville9492 ORF1 polyprotein gene, partial cds; and ORF2 protein gene, complete cds
Picornaviridae_C020	Picornaviridae	Caliciviridae	Norovirus GII	MH608285	strong	94.0	96.832	Norovirus GII-like	NoV_GII		genogroup_like	NO	ERR14788954|k141_7587	1007	1	ERR14788954	Norovirus GII isolate NV/CMRHP1/CMR/2014 nonstructural polyprotein (ORF1) gene, partial cds; and VP1 (ORF2) and VP2 (ORF3) genes, complete cds
Picornaviridae_C021	Picornaviridae	Caliciviridae	Norovirus GII	PV611449	strong	100.0	98.805	Norovirus GII-like	NoV_GII		genogroup_like	NO	ERR14788954|k141_22796	1004	1	ERR14788954	Norovirus GII isolate BTY20M nonstructural polyprotein (ORF1) gene, partial cds; and VP1 (ORF2) and VP2 (ORF3) genes, complete cds
Sedoreoviridae_C004	Sedoreoviridae	Sedoreoviridae	Rotavirus A	OR890193	strong	99.0	99.219	Rotavirus A-like | segment 3	RVA_segment_3	segment_3	species_segment	NO	ERR14788992|k141_14248	3205	3	ERR14788990,ERR14788991,ERR14788992	Rotavirus A strain RVA/Human-wt/GHA/WMH-1439/2015/G9P[4] segment 3, complete sequence
Sedoreoviridae_C012	Sedoreoviridae	Sedoreoviridae	Human rotavirus A	LC491454	strong	100.0	99.303	Rotavirus A-like | segment 1	RVA_segment_1	segment_1	species_segment	NO	ERR14788992|k141_2176	1922	3	ERR14788990,ERR14788991,ERR14788992	Human rotavirus A RVA/Human-wt/VNM/RVN17.0879/2017/G9P[8] VP1 gene for VP1 protein, partial cds
Sedoreoviridae_C001	Sedoreoviridae	Sedoreoviridae	Human rotavirus A	LC477448	strong	99.0	97.615	Rotavirus A-like | segment 1	RVA_segment_1	segment_1	species_segment	NO	ERR14788992|k141_11532	3969	2	ERR14788991,ERR14788992	Human rotavirus A Human-wt/JPN/Tokyo17-119/2017/G3P[8](DS-1) VP1 gene for VP1 protein, complete cds
Sedoreoviridae_C011	Sedoreoviridae	Sedoreoviridae	Rotavirus A	KR705256	strong	82.0	97.016	Rotavirus A-like | segment 1	RVA_segment_1	segment_1	species_segment	NO	ERR14788991|k141_5815	1923	2	ERR14788991,ERR14788992	Rotavirus A strain RVA/Human-wt/BEL/BE31/2007/G2P[4] segment 1 VP1 (VP1) gene, partial cds
Sedoreoviridae_C013	Sedoreoviridae	Sedoreoviridae	Rotavirus A	MH569759	strong	99.0	98.738	Rotavirus A-like | segment 3	RVA_segment_3	segment_3	species_segment	NO	ERR14788992|k141_382	1877	2	ERR14788990,ERR14788992	Rotavirus A strain RVA/Human-wt/BRA/IAL-R608/2015/G3P[8] VP3 gene, complete cds
Sedoreoviridae_C014	Sedoreoviridae	Sedoreoviridae	Rotavirus A	OR890170	strong	99.0	99.085	Rotavirus A-like | segment 2	RVA_segment_2	segment_2	species_segment	NO	ERR14788991|k141_4973	1772	2	ERR14788991,ERR14788992	Rotavirus A strain RVA/Human-wt/GHA/103M/2015/G9P[4] segment 2, complete sequence
Sedoreoviridae_C002	Sedoreoviridae	Sedoreoviridae	Rotavirus A	OR890125	strong	99.0	99.101	Rotavirus A-like | segment 4	RVA_segment_4	segment_4	species_segment	NO	ERR14788992|k141_2824	3596	1	ERR14788992	Rotavirus A strain RVA/Human-wt/GHA/WMH-1439/2015/G9P[4] segment 4, complete sequence
Sedoreoviridae_C003	Sedoreoviridae	Sedoreoviridae	Rotavirus A	LC455770	strong	98.0	99.696	Rotavirus A-like | segment 9	RVA_segment_9	segment_9	species_segment	NO	ERR14788992|k141_8616	3408	1	ERR14788992	Rotavirus A RVA/Human-wt/THA/MS2014-0134/2014/G3P[8] gene for structural protein VP7, complete cds
Sedoreoviridae_C005	Sedoreoviridae	Sedoreoviridae	Human rotavirus A	LC477618	strong	99.0	99.811	Rotavirus A-like | segment 7	RVA_segment_7	segment_7	species_segment	NO	ERR14788992|k141_744	2743	1	ERR14788992	Human rotavirus A Human-wt/JPN/Tokyo18-49/2018/G9P[8]-E1 NSP3 gene for NSP3 protein, complete cds
Sedoreoviridae_C006	Sedoreoviridae	Sedoreoviridae	Human rotavirus C	PZ436761	strong	99.0	99.239	Rotavirus C-like | segment 2	RVC_segment_2	segment_2	species_segment	NO	ERR14788992|k141_4476	2450	1	ERR14788992	Human rotavirus C strain RVC/Human/CHN/GS-Pt7/2025/G4P[2] structural protein 2 (VP2) gene, complete cds
Sedoreoviridae_C007	Sedoreoviridae	Sedoreoviridae	Rotavirus alphagastroenteritidis	PX211134	strong	100.0	97.803	Rotavirus alphagastroenteritidis-like | segment 1	Rotavirus_alpha_like_segment_1	segment_1	species_segment	NO	ERR14788992|k141_13491	2276	1	ERR14788992	Rotavirus alphagastroenteritidis isolate 18IRL26245 VP1 gene, complete cds
Sedoreoviridae_C008	Sedoreoviridae	Sedoreoviridae	Human rotavirus C	PZ436762	strong	98.0	99.276	Rotavirus C-like | segment 3	RVC_segment_3	segment_3	species_segment	NO	ERR14788992|k141_6124	2190	1	ERR14788992	Human rotavirus C strain RVC/Human/CHN/GS-Pt7/2025/G4P[2] structural protein 3 (VP3) gene, complete cds
Sedoreoviridae_C009	Sedoreoviridae	Sedoreoviridae	Rotavirus A	OR193448	strong	99.0	97.927	Rotavirus A-like | segment 2	RVA_segment_2	segment_2	species_segment	NO	ERR14788992|k141_7633	2074	1	ERR14788992	Rotavirus A isolate RVA/Human-wt/IND/CM-0204/2013/G12P[8]I1R1C1M1A1N1T1E1H1 core protein (VP2) gene, complete cds
Sedoreoviridae_C010	Sedoreoviridae	Sedoreoviridae	Rotavirus alphagastroenteritidis	PX492905	strong	99.0	97.771	Rotavirus alphagastroenteritidis-like | segment 2	Rotavirus_alpha_like_segment_2	segment_2	species_segment	NO	ERR14788991|k141_4602	2053	1	ERR14788991	Rotavirus alphagastroenteritidis isolate RVA/Human-wt/MWI/BTY1M4/2016/G1P[8] VP2 gene, complete cds
Sedoreoviridae_C015	Sedoreoviridae	Sedoreoviridae	Human rotavirus C	MN206054	strong	100.0	99.433	Rotavirus C-like | segment 4	RVC_segment_4	segment_4	species_segment	NO	ERR14788992|k141_1970	1490	1	ERR14788992	Human rotavirus C strain RVC/Hu-wt/RUS/Novosibirsk/NS17-A1035/2017 outer capsid protein VP4 (VP4) gene, complete cds
Sedoreoviridae_C016	Sedoreoviridae	Sedoreoviridae	Human rotavirus P[8]	MK029688	strong	100.0	99.441	Rotavirus A-like | segment 4	RVA_segment_4	segment_4	species_segment	NO	ERR14788992|k141_12191	1376	1	ERR14788992	Human rotavirus P[8] isolate Human/88/IRI/2016/P[8] outer capsid protein VP4 (VP4) gene, partial cds
Sedoreoviridae_C017	Sedoreoviridae	Sedoreoviridae	Rotavirus A human/Vanderbilt/VU05-06-67/2005/G1P[8]	JF490795	strong	99.0	98.743	Rotavirus A-like | segment 3	RVA_segment_3	segment_3	species_segment	NO	ERR14788992|k141_1500	1332	1	ERR14788992	Rotavirus A human/Vanderbilt/VU05-06-67/2005/G1P[8] segment 3 guanylyl transferase (VP3) gene, complete cds
Sedoreoviridae_C018	Sedoreoviridae	Sedoreoviridae	Human rotavirus A	JQ069757	strong	100.0	98.493	Rotavirus A-like | segment 3	RVA_segment_3	segment_3	species_segment	NO	ERR14788992|k141_5652	1311	1	ERR14788992	Human rotavirus A strain RVA/Human-wt/CAN/RT172-07/2008/G1P8 methyltransferase (M) gene, complete cds
Sedoreoviridae_C019	Sedoreoviridae	Sedoreoviridae	Rotavirus A	KC580308	strong	100.0	98.404	Rotavirus A-like | segment 1	RVA_segment_1	segment_1	species_segment	NO	ERR14788991|k141_3712	1215	1	ERR14788991	Rotavirus A strain RVA/Human-wt/USA/DC5413/1991/G1P[8] segment 1 RNA-dependent RNA polymerase VP1 (VP1) gene, complete cds
Sedoreoviridae_C020	Sedoreoviridae	Sedoreoviridae	Human rotavirus A	KU248375	strong	100.0	97.633	Rotavirus A-like | segment 4	RVA_segment_4	segment_4	species_segment	NO	ERR14788991|k141_4019	1115	1	ERR14788991	Human rotavirus A strain RVA/Human-wt/BGN/J303/2010/G2P[4] VP4 gene, complete cds
Sedoreoviridae_C021	Sedoreoviridae	Sedoreoviridae	Rotavirus A	ON791955	strong	99.0	97.933	Rotavirus A-like | segment 4	RVA_segment_4	segment_4	species_segment	NO	ERR14788991|k141_3749	1110	1	ERR14788991	Rotavirus A strain RVA/Human-wt/MWI/CHX11S/2019/G3P[8] VP4 gene, complete cds
Sedoreoviridae_C022	Sedoreoviridae	Sedoreoviridae	Human rotavirus A	LC227964	strong	97.0	99.517	Rotavirus A-like | segment 3	RVA_segment_3	segment_3	species_segment	NO	ERR14788991|k141_5013	1066	1	ERR14788991	Human rotavirus A VP3 gene for VP3 protein, complete cds, strain: RVA/Human-wt/IND/Kol-066/2013/G9P[4]
Sedoreoviridae_C023	Sedoreoviridae	Sedoreoviridae	Human rotavirus A	LC477521	strong	100.0	99.172	Rotavirus A-like | segment 3	RVA_segment_3	segment_3	species_segment	NO	ERR14788992|k141_7803	1004	1	ERR14788992	Human rotavirus A Human-wt/JPN/Tokyo18-37/2018/G9P[8]-E1 VP3 gene for VP3 protein, complete cds
