family	cluster_id	best_nt_name	ERR14788990	ERR14788988	ERR14788991	ERR14788992	ERR14788995	ERR14789044	ERR14788864	ERR14788954
Adenoviridae	Adenoviridae_C001	Human adenovirus 41	LOCAL_MAPPING	LOCAL_MAPPING	ASSEMBLY	LOCAL_MAPPING	ASSEMBLY	ASSEMBLY	LOCAL_MAPPING	ASSEMBLY
Adenoviridae	Adenoviridae_C002	Human adenovirus 41	NONE	LOCAL_MAPPING	NONE	ASSEMBLY	ASSEMBLY	NONE	NONE	LOCAL_MAPPING
Adenoviridae	Adenoviridae_C003	Human mastadenovirus D	NONE	NONE	NONE	NONE	NONE	NONE	NONE	ASSEMBLY
Adenoviridae	Adenoviridae_C004	Human mastadenovirus D	NONE	NONE	NONE	NONE	NONE	NONE	NONE	ASSEMBLY
Adenoviridae	Adenoviridae_C005	Human mastadenovirus D	NONE	NONE	NONE	NONE	NONE	NONE	NONE	ASSEMBLY
Adenoviridae	Adenoviridae_C006	Human mastadenovirus D	NONE	NONE	NONE	NONE	NONE	NONE	NONE	ASSEMBLY
Astroviridae	Astroviridae_C001	Human astrovirus 1	ASSEMBLY	NONE	ASSEMBLY	ASSEMBLY	ASSEMBLY	ASSEMBLY	ASSEMBLY	NONE
Astroviridae	Astroviridae_C005	Human astrovirus 3	ASSEMBLY	NONE	ASSEMBLY	ASSEMBLY	LOCAL_MAPPING	NONE	LOCAL_MAPPING	NONE
Astroviridae	Astroviridae_C008	Human astrovirus 3	ASSEMBLY	NONE	ASSEMBLY	ASSEMBLY	LOCAL_MAPPING	LOCAL_MAPPING	LOCAL_MAPPING	NONE
Astroviridae	Astroviridae_C002	Human astrovirus	ASSEMBLY	LOCAL_MAPPING	LOCAL_MAPPING	LOCAL_MAPPING	NONE	NONE	NONE	ASSEMBLY
Astroviridae	Astroviridae_C006	Human astrovirus	ASSEMBLY	ASSEMBLY	LOCAL_MAPPING	LOCAL_MAPPING	LOCAL_MAPPING	NONE	NONE	NONE
Astroviridae	Astroviridae_C003	Mamastrovirus 2	NONE	ASSEMBLY	NONE	NONE	LOCAL_MAPPING	NONE	NONE	NONE
Astroviridae	Astroviridae_C004	Human astrovirus 2	PARTIAL_MAPPING	PARTIAL_MAPPING	ASSEMBLY	LOCAL_MAPPING	NONE	LOCAL_MAPPING	NONE	NONE
Astroviridae	Astroviridae_C007	Astrovirus MLB1	NONE	LOCAL_MAPPING	LOCAL_MAPPING	NONE	LOCAL_MAPPING	ASSEMBLY	LOCAL_MAPPING	NONE
Astroviridae	Astroviridae_C009	Astrovirus VA5	NONE	NONE	NONE	NONE	NONE	NONE	NONE	ASSEMBLY
Astroviridae	Astroviridae_C010	Human astrovirus 4	NONE	NONE	NONE	NONE	NONE	NONE	NONE	ASSEMBLY
Astroviridae	Astroviridae_C011	Jingmen rodent astrovirus 2	NONE	NONE	NONE	NONE	LOCAL_MAPPING	NONE	NONE	ASSEMBLY
Astroviridae	Astroviridae_C012	Human astrovirus 1	LOCAL_MAPPING	NONE	ASSEMBLY	LOCAL_MAPPING	NONE	NONE	NONE	NONE
Astroviridae	Astroviridae_C013	Human astrovirus 1	LOCAL_MAPPING	NONE	ASSEMBLY	LOCAL_MAPPING	NONE	NONE	NONE	NONE
Astroviridae	Astroviridae_C014	Human astrovirus 1	ASSEMBLY	NONE	LOCAL_MAPPING	NONE	NONE	NONE	NONE	NONE
Astroviridae	Astroviridae_C015	Astrovirus VA5	NONE	NONE	NONE	NONE	NONE	NONE	NONE	ASSEMBLY
Astroviridae	Astroviridae_C016	Mamastrovirus 1	LOCAL_MAPPING	NONE	NONE	LOCAL_MAPPING	NONE	ASSEMBLY	NONE	NONE
Astroviridae	Astroviridae_C017	Human astrovirus 8	ASSEMBLY	NONE	PARTIAL_MAPPING	PARTIAL_MAPPING	NONE	NONE	NONE	NONE
Astroviridae	Astroviridae_C018	Astrovirus MLB2	PARTIAL_MAPPING	HIGH_BREADTH_MAPPING	HIGH_BREADTH_MAPPING	LOCAL_MAPPING	ASSEMBLY	PARTIAL_MAPPING	LOCAL_MAPPING	NONE
Astroviridae	Astroviridae_C019	Human astrovirus 4	ASSEMBLY	LOCAL_MAPPING	PARTIAL_MAPPING	NONE	NONE	LOCAL_MAPPING	NONE	NONE
Astroviridae	Astroviridae_C020	Human astrovirus 2	ASSEMBLY	NONE	NONE	NONE	NONE	NONE	NONE	NONE
Astroviridae	Astroviridae_C021	Mamastrovirus 1	NONE	NONE	LOCAL_MAPPING	LOCAL_MAPPING	NONE	ASSEMBLY	NONE	NONE
Astroviridae	Astroviridae_C022	Human astrovirus	ASSEMBLY	NONE	LOCAL_MAPPING	PARTIAL_MAPPING	NONE	NONE	NONE	NONE
Caliciviridae	Caliciviridae_C004	Sapovirus Hu/GI.2/Dublin/2016/IRL	LOCAL_MAPPING	ASSEMBLY	ASSEMBLY	ASSEMBLY	LOCAL_MAPPING	NONE	LOCAL_MAPPING	ASSEMBLY
Caliciviridae	Caliciviridae_C009	Sapovirus Hu/GI.2/Dublin/2016/IRL	LOCAL_MAPPING	PARTIAL_MAPPING	ASSEMBLY	ASSEMBLY	LOCAL_MAPPING	NONE	LOCAL_MAPPING	NONE
Caliciviridae	Caliciviridae_C001	Norovirus GI	NONE	NONE	NONE	NONE	NONE	NONE	NONE	ASSEMBLY
Caliciviridae	Caliciviridae_C002	Sapovirus GII	NONE	NONE	NONE	NONE	NONE	NONE	NONE	ASSEMBLY
Caliciviridae	Caliciviridae_C003	Sapovirus GI	NONE	NONE	NONE	NONE	NONE	NONE	NONE	ASSEMBLY
Caliciviridae	Caliciviridae_C005	Sapovirus GV.1	LOCAL_MAPPING	PARTIAL_MAPPING	LOCAL_MAPPING	LOCAL_MAPPING	NONE	ASSEMBLY	NONE	NONE
Caliciviridae	Caliciviridae_C006	Sapovirus GII.2	LOCAL_MAPPING	NONE	ASSEMBLY	LOCAL_MAPPING	NONE	PARTIAL_MAPPING	NONE	LOCAL_MAPPING
Caliciviridae	Caliciviridae_C007	Sapovirus GV.1	LOCAL_MAPPING	HIGH_BREADTH_MAPPING	LOCAL_MAPPING	PARTIAL_MAPPING	LOCAL_MAPPING	ASSEMBLY	LOCAL_MAPPING	NONE
Caliciviridae	Caliciviridae_C008	Sapovirus Hu/GI.2/Dublin/2016/IRL	PARTIAL_MAPPING	PARTIAL_MAPPING	ASSEMBLY	LOCAL_MAPPING	PARTIAL_MAPPING	NONE	LOCAL_MAPPING	LOCAL_MAPPING
Caliciviridae	Caliciviridae_C010	Sapovirus GII.1	NONE	NONE	NONE	NONE	NONE	NONE	NONE	ASSEMBLY
Caliciviridae	Caliciviridae_C011	Sapovirus GI.1	LOCAL_MAPPING	NONE	PARTIAL_MAPPING	ASSEMBLY	PARTIAL_MAPPING	PARTIAL_MAPPING	NONE	NONE
Caliciviridae	Caliciviridae_C012	Sapovirus GI	LOCAL_MAPPING	NONE	LOCAL_MAPPING	LOCAL_MAPPING	PARTIAL_MAPPING	ASSEMBLY	NONE	NONE
Caliciviridae	Caliciviridae_C013	Sapovirus GI	NONE	NONE	LOCAL_MAPPING	LOCAL_MAPPING	LOCAL_MAPPING	ASSEMBLY	NONE	NONE
Caliciviridae	Caliciviridae_C014	Sapovirus GI	ASSEMBLY	PARTIAL_MAPPING	NONE	NONE	NONE	NONE	NONE	NONE
Caliciviridae	Caliciviridae_C015	Norovirus GI	LOCAL_MAPPING	LOCAL_MAPPING	NONE	ASSEMBLY	NONE	NONE	NONE	NONE
Parvoviridae	Parvoviridae_C001	Human bocavirus 3	ASSEMBLY	PARTIAL_MAPPING	LOCAL_MAPPING	ASSEMBLY	ASSEMBLY	ASSEMBLY	LOCAL_MAPPING	ASSEMBLY
Parvoviridae	Parvoviridae_C002	Rodent bocavirus	ASSEMBLY	PARTIAL_MAPPING	ASSEMBLY	ASSEMBLY	ASSEMBLY	NONE	NONE	NONE
Parvoviridae	Parvoviridae_C006	Human bocavirus 2	ASSEMBLY	LOCAL_MAPPING	NONE	ASSEMBLY	LOCAL_MAPPING	ASSEMBLY	LOCAL_MAPPING	LOCAL_MAPPING
Parvoviridae	Parvoviridae_C004	Human bocavirus 2	LOCAL_MAPPING	LOCAL_MAPPING	LOCAL_MAPPING	ASSEMBLY	PARTIAL_MAPPING	ASSEMBLY	HIGH_BREADTH_MAPPING	LOCAL_MAPPING
Parvoviridae	Parvoviridae_C003	Canine bocavirus	NONE	NONE	NONE	NONE	NONE	ASSEMBLY	LOCAL_MAPPING	NONE
Parvoviridae	Parvoviridae_C005	Human bocavirus 2	LOCAL_MAPPING	NONE	LOCAL_MAPPING	LOCAL_MAPPING	ASSEMBLY	LOCAL_MAPPING	LOCAL_MAPPING	NONE
Parvoviridae	Parvoviridae_C007	Rattus rat parvovirus	NONE	NONE	NONE	NONE	NONE	NONE	NONE	ASSEMBLY
Parvoviridae	Parvoviridae_C008	Rattus rat parvovirus	NONE	LOCAL_MAPPING	LOCAL_MAPPING	LOCAL_MAPPING	NONE	NONE	NONE	ASSEMBLY
Parvoviridae	Parvoviridae_C009	Porcine bocavirus	ASSEMBLY	NONE	NONE	LOCAL_MAPPING	LOCAL_MAPPING	NONE	NONE	NONE
Picornaviridae	Picornaviridae_C001	Enterovirus B106	NONE	NONE	NONE	NONE	NONE	NONE	NONE	ASSEMBLY
Picornaviridae	Picornaviridae_C002	Echovirus E17	NONE	NONE	NONE	NONE	NONE	NONE	NONE	ASSEMBLY
Picornaviridae	Picornaviridae_C003	aichivirus A1	LOCAL_MAPPING	LOCAL_MAPPING	NONE	NONE	LOCAL_MAPPING	NONE	NONE	ASSEMBLY
Picornaviridae	Picornaviridae_C004	Kobuvirus sp.	LOCAL_MAPPING	ASSEMBLY	LOCAL_MAPPING	LOCAL_MAPPING	HIGH_BREADTH_MAPPING	LOCAL_MAPPING	NONE	LOCAL_MAPPING
Picornaviridae	Picornaviridae_C005	Coxsackievirus A19	NONE	NONE	NONE	NONE	NONE	NONE	NONE	ASSEMBLY
Picornaviridae	Picornaviridae_C006	Coxsackievirus A19	NONE	NONE	NONE	NONE	NONE	NONE	NONE	ASSEMBLY
Picornaviridae	Picornaviridae_C007	Picornaviridae sp.	NONE	NONE	NONE	NONE	NONE	NONE	NONE	ASSEMBLY
Picornaviridae	Picornaviridae_C008	Echovirus E9	NONE	NONE	NONE	NONE	NONE	NONE	NONE	ASSEMBLY
Picornaviridae	Picornaviridae_C009	aichivirus A1	PARTIAL_MAPPING	PARTIAL_MAPPING	LOCAL_MAPPING	LOCAL_MAPPING	ASSEMBLY	NONE	NONE	NONE
Picornaviridae	Picornaviridae_C010	Coxsackievirus B5	NONE	NONE	NONE	LOCAL_MAPPING	NONE	NONE	NONE	ASSEMBLY
Picornaviridae	Picornaviridae_C011	Coxsackievirus A13	NONE	NONE	NONE	NONE	NONE	NONE	NONE	ASSEMBLY
Picornaviridae	Picornaviridae_C012	Echovirus E18	NONE	NONE	NONE	NONE	NONE	NONE	NONE	ASSEMBLY
Picornaviridae	Picornaviridae_C013	Coxsackievirus A24	NONE	NONE	NONE	NONE	NONE	NONE	NONE	ASSEMBLY
Picornaviridae	Picornaviridae_C014	Enterovirus A119	NONE	NONE	NONE	NONE	NONE	NONE	NONE	ASSEMBLY
Picornaviridae	Picornaviridae_C015	Coxsackievirus A13	NONE	NONE	NONE	NONE	NONE	NONE	NONE	ASSEMBLY
Picornaviridae	Picornaviridae_C016	Coxsackievirus A19	NONE	LOCAL_MAPPING	NONE	NONE	LOCAL_MAPPING	NONE	NONE	ASSEMBLY
Picornaviridae	Picornaviridae_C017	Salivirus A	LOCAL_MAPPING	LOCAL_MAPPING	ASSEMBLY	LOCAL_MAPPING	LOCAL_MAPPING	LOCAL_MAPPING	NONE	NONE
Picornaviridae	Picornaviridae_C018	Human enterovirus	NONE	NONE	NONE	NONE	NONE	NONE	NONE	ASSEMBLY
Picornaviridae	Picornaviridae_C019	Sapovirus GV.1	NONE	LOCAL_MAPPING	NONE	PARTIAL_MAPPING	NONE	ASSEMBLY	NONE	NONE
Picornaviridae	Picornaviridae_C020	Norovirus GII	NONE	NONE	NONE	NONE	NONE	NONE	NONE	ASSEMBLY
Picornaviridae	Picornaviridae_C021	Norovirus GII	NONE	NONE	NONE	NONE	NONE	NONE	NONE	ASSEMBLY
Sedoreoviridae	Sedoreoviridae_C004	Rotavirus A	ASSEMBLY	NONE	ASSEMBLY	ASSEMBLY	LOCAL_MAPPING	NONE	LOCAL_MAPPING	NONE
Sedoreoviridae	Sedoreoviridae_C012	Human rotavirus A	ASSEMBLY	NONE	ASSEMBLY	ASSEMBLY	NONE	NONE	NONE	NONE
Sedoreoviridae	Sedoreoviridae_C001	Human rotavirus A	NONE	NONE	ASSEMBLY	ASSEMBLY	NONE	NONE	NONE	NONE
Sedoreoviridae	Sedoreoviridae_C011	Rotavirus A	LOCAL_MAPPING	NONE	ASSEMBLY	ASSEMBLY	LOCAL_MAPPING	NONE	NONE	NONE
Sedoreoviridae	Sedoreoviridae_C013	Rotavirus A	ASSEMBLY	NONE	PARTIAL_MAPPING	ASSEMBLY	NONE	NONE	LOCAL_MAPPING	NONE
Sedoreoviridae	Sedoreoviridae_C014	Rotavirus A	LOCAL_MAPPING	NONE	ASSEMBLY	ASSEMBLY	LOCAL_MAPPING	NONE	NONE	NONE
Sedoreoviridae	Sedoreoviridae_C002	Rotavirus A	LOCAL_MAPPING	NONE	NONE	ASSEMBLY	NONE	NONE	NONE	NONE
Sedoreoviridae	Sedoreoviridae_C003	Rotavirus A	LOCAL_MAPPING	NONE	LOCAL_MAPPING	ASSEMBLY	NONE	NONE	NONE	NONE
Sedoreoviridae	Sedoreoviridae_C005	Human rotavirus A	LOCAL_MAPPING	NONE	LOCAL_MAPPING	ASSEMBLY	NONE	NONE	NONE	NONE
Sedoreoviridae	Sedoreoviridae_C006	Human rotavirus C	NONE	NONE	LOCAL_MAPPING	ASSEMBLY	NONE	NONE	NONE	NONE
Sedoreoviridae	Sedoreoviridae_C007	Rotavirus alphagastroenteritidis	NONE	NONE	LOCAL_MAPPING	ASSEMBLY	NONE	NONE	NONE	NONE
Sedoreoviridae	Sedoreoviridae_C008	Human rotavirus C	LOCAL_MAPPING	NONE	NONE	ASSEMBLY	NONE	NONE	NONE	NONE
Sedoreoviridae	Sedoreoviridae_C009	Rotavirus A	NONE	NONE	LOCAL_MAPPING	ASSEMBLY	NONE	NONE	NONE	NONE
Sedoreoviridae	Sedoreoviridae_C010	Rotavirus alphagastroenteritidis	NONE	NONE	ASSEMBLY	LOCAL_MAPPING	NONE	NONE	LOCAL_MAPPING	NONE
Sedoreoviridae	Sedoreoviridae_C015	Human rotavirus C	LOCAL_MAPPING	NONE	NONE	ASSEMBLY	NONE	NONE	NONE	NONE
Sedoreoviridae	Sedoreoviridae_C016	Human rotavirus P[8]	NONE	NONE	LOCAL_MAPPING	ASSEMBLY	NONE	NONE	NONE	NONE
Sedoreoviridae	Sedoreoviridae_C017	Rotavirus A human/Vanderbilt/VU05-06-67/2005/G1P[8]	NONE	NONE	LOCAL_MAPPING	ASSEMBLY	NONE	NONE	NONE	NONE
Sedoreoviridae	Sedoreoviridae_C018	Human rotavirus A	LOCAL_MAPPING	NONE	LOCAL_MAPPING	ASSEMBLY	NONE	NONE	NONE	NONE
Sedoreoviridae	Sedoreoviridae_C019	Rotavirus A	LOCAL_MAPPING	NONE	ASSEMBLY	PARTIAL_MAPPING	NONE	NONE	NONE	NONE
Sedoreoviridae	Sedoreoviridae_C020	Human rotavirus A	NONE	NONE	ASSEMBLY	NONE	NONE	NONE	NONE	NONE
Sedoreoviridae	Sedoreoviridae_C021	Rotavirus A	NONE	NONE	ASSEMBLY	PARTIAL_MAPPING	NONE	NONE	NONE	NONE
Sedoreoviridae	Sedoreoviridae_C022	Human rotavirus A	PARTIAL_MAPPING	NONE	ASSEMBLY	LOCAL_MAPPING	LOCAL_MAPPING	NONE	NONE	NONE
Sedoreoviridae	Sedoreoviridae_C023	Human rotavirus A	NONE	NONE	LOCAL_MAPPING	ASSEMBLY	NONE	NONE	NONE	NONE
