family	biological_group	display_label	ERR14788990	ERR14788988	ERR14788991	ERR14788992	ERR14788995	ERR14789044	ERR14788864	ERR14788954
Adenoviridae	HAdV41	Human adenovirus 41-like	LOCAL_MAPPING	LOCAL_MAPPING	ASSEMBLY	ASSEMBLY	ASSEMBLY	ASSEMBLY	LOCAL_MAPPING	ASSEMBLY
Adenoviridae	HAdV_D_like	Human mastadenovirus D-like	NONE	NONE	NONE	NONE	NONE	NONE	NONE	ASSEMBLY
Astroviridae	MLB1	Astrovirus MLB1-like	NONE	LOCAL_MAPPING	LOCAL_MAPPING	NONE	LOCAL_MAPPING	ASSEMBLY	LOCAL_MAPPING	NONE
Astroviridae	MLB2	Astrovirus MLB2-like	PARTIAL_MAPPING	HIGH_BREADTH_MAPPING	HIGH_BREADTH_MAPPING	LOCAL_MAPPING	ASSEMBLY	PARTIAL_MAPPING	LOCAL_MAPPING	NONE
Astroviridae	VA5	Astrovirus VA5-like	NONE	NONE	NONE	NONE	NONE	NONE	NONE	ASSEMBLY
Astroviridae	HAstV1	HAstV-1-like (population unresolved)	ASSEMBLY	NONE	ASSEMBLY	LOCAL_MAPPING	NONE	NONE	NONE	NONE
Astroviridae	HAstV1_A	HAstV-1-like population A	ASSEMBLY	NONE	ASSEMBLY	ASSEMBLY	ASSEMBLY	ASSEMBLY	ASSEMBLY	NONE
Astroviridae	HAstV1_B	HAstV-1-like population B	ASSEMBLY	LOCAL_MAPPING	LOCAL_MAPPING	LOCAL_MAPPING	NONE	NONE	NONE	ASSEMBLY
Astroviridae	HAstV2	HAstV-2-like	ASSEMBLY	PARTIAL_MAPPING	ASSEMBLY	LOCAL_MAPPING	NONE	LOCAL_MAPPING	NONE	NONE
Astroviridae	HAstV3	HAstV-3-like	ASSEMBLY	NONE	ASSEMBLY	ASSEMBLY	LOCAL_MAPPING	LOCAL_MAPPING	LOCAL_MAPPING	NONE
Astroviridae	HAstV4	HAstV-4-like	ASSEMBLY	LOCAL_MAPPING	PARTIAL_MAPPING	NONE	NONE	LOCAL_MAPPING	NONE	ASSEMBLY
Astroviridae	HAstV5	HAstV-5-like	ASSEMBLY	ASSEMBLY	LOCAL_MAPPING	LOCAL_MAPPING	LOCAL_MAPPING	NONE	NONE	NONE
Astroviridae	HAstV8	HAstV-8-like	ASSEMBLY	NONE	PARTIAL_MAPPING	PARTIAL_MAPPING	NONE	NONE	NONE	NONE
Astroviridae	HAstV_unresolved	Human astrovirus-like, unresolved type	ASSEMBLY	NONE	LOCAL_MAPPING	PARTIAL_MAPPING	NONE	NONE	NONE	NONE
Astroviridae	Mamastrovirus1_like	Mamastrovirus 1-like	LOCAL_MAPPING	NONE	LOCAL_MAPPING	LOCAL_MAPPING	NONE	ASSEMBLY	NONE	NONE
Astroviridae	Mamastrovirus2_like	Mamastrovirus 2-like	NONE	ASSEMBLY	NONE	NONE	LOCAL_MAPPING	NONE	NONE	NONE
Astroviridae	Rodent_astrovirus_like	Rodent astrovirus-like (reference match)	NONE	NONE	NONE	NONE	LOCAL_MAPPING	NONE	NONE	ASSEMBLY
Caliciviridae	NoV_GI	Norovirus GI-like	LOCAL_MAPPING	LOCAL_MAPPING	NONE	ASSEMBLY	NONE	NONE	NONE	ASSEMBLY
Caliciviridae	NoV_GII	Norovirus GII-like	NONE	NONE	NONE	NONE	NONE	NONE	NONE	ASSEMBLY
Caliciviridae	SaV_GI	Sapovirus GI-like	ASSEMBLY	ASSEMBLY	ASSEMBLY	ASSEMBLY	PARTIAL_MAPPING	ASSEMBLY	LOCAL_MAPPING	ASSEMBLY
Caliciviridae	SaV_GII	Sapovirus GII-like	LOCAL_MAPPING	NONE	ASSEMBLY	LOCAL_MAPPING	NONE	PARTIAL_MAPPING	NONE	ASSEMBLY
Caliciviridae	SaV_GV	Sapovirus GV-like	LOCAL_MAPPING	HIGH_BREADTH_MAPPING	LOCAL_MAPPING	PARTIAL_MAPPING	LOCAL_MAPPING	ASSEMBLY	LOCAL_MAPPING	NONE
Parvoviridae	Canine_BoV_like	Canine bocavirus-like (reference match)	NONE	NONE	NONE	NONE	NONE	ASSEMBLY	LOCAL_MAPPING	NONE
Parvoviridae	HBoV2	Human bocavirus 2-like	ASSEMBLY	LOCAL_MAPPING	LOCAL_MAPPING	ASSEMBLY	ASSEMBLY	ASSEMBLY	HIGH_BREADTH_MAPPING	LOCAL_MAPPING
Parvoviridae	HBoV3	Human bocavirus 3-like	ASSEMBLY	PARTIAL_MAPPING	LOCAL_MAPPING	ASSEMBLY	ASSEMBLY	ASSEMBLY	LOCAL_MAPPING	ASSEMBLY
Parvoviridae	Porcine_BoV_like	Porcine bocavirus-like (reference match)	ASSEMBLY	NONE	NONE	LOCAL_MAPPING	LOCAL_MAPPING	NONE	NONE	NONE
Parvoviridae	Rat_parvovirus_like	Rat parvovirus-like (reference match)	NONE	LOCAL_MAPPING	LOCAL_MAPPING	LOCAL_MAPPING	NONE	NONE	NONE	ASSEMBLY
Parvoviridae	Rodent_BoV_like	Rodent bocavirus-like (reference match)	ASSEMBLY	PARTIAL_MAPPING	ASSEMBLY	ASSEMBLY	ASSEMBLY	NONE	NONE	NONE
Picornaviridae	Aichivirus_A1_like	Aichivirus A1-like	PARTIAL_MAPPING	PARTIAL_MAPPING	LOCAL_MAPPING	LOCAL_MAPPING	ASSEMBLY	NONE	NONE	NONE
Picornaviridae	Coxsackievirus_A13_like	Coxsackievirus A13-like	NONE	NONE	NONE	NONE	NONE	NONE	NONE	ASSEMBLY
Picornaviridae	Coxsackievirus_A19_like	Coxsackievirus A19-like	NONE	LOCAL_MAPPING	NONE	NONE	LOCAL_MAPPING	NONE	NONE	ASSEMBLY
Picornaviridae	Aichivirus_A_like	Divergent Aichivirus A-like	LOCAL_MAPPING	LOCAL_MAPPING	NONE	NONE	LOCAL_MAPPING	NONE	NONE	ASSEMBLY
Picornaviridae	Enterovirus_A_like	Divergent Enterovirus A-like	NONE	NONE	NONE	NONE	NONE	NONE	NONE	ASSEMBLY
Picornaviridae	Enterovirus_B_like	Divergent Enterovirus B-like	NONE	NONE	NONE	LOCAL_MAPPING	NONE	NONE	NONE	ASSEMBLY
Picornaviridae	Echovirus_E18_like	Echovirus 18-like	NONE	NONE	NONE	NONE	NONE	NONE	NONE	ASSEMBLY
Picornaviridae	Echovirus_E9_like	Echovirus 9-like	NONE	NONE	NONE	NONE	NONE	NONE	NONE	ASSEMBLY
Picornaviridae	Enterovirus_unresolved	Enterovirus-like, unresolved	NONE	NONE	NONE	NONE	NONE	NONE	NONE	ASSEMBLY
Picornaviridae	Kobuvirus_like	Kobuvirus-like	LOCAL_MAPPING	ASSEMBLY	LOCAL_MAPPING	LOCAL_MAPPING	HIGH_BREADTH_MAPPING	LOCAL_MAPPING	NONE	LOCAL_MAPPING
Picornaviridae	Picornavirus_unresolved	Picornavirus-like, unresolved	NONE	NONE	NONE	NONE	NONE	NONE	NONE	ASSEMBLY
Picornaviridae	Salivirus_A_like	Salivirus A-like	LOCAL_MAPPING	LOCAL_MAPPING	ASSEMBLY	LOCAL_MAPPING	LOCAL_MAPPING	LOCAL_MAPPING	NONE	NONE
Sedoreoviridae	RVA_segment_1	Rotavirus A | segment 1	ASSEMBLY	NONE	ASSEMBLY	ASSEMBLY	LOCAL_MAPPING	NONE	NONE	NONE
Sedoreoviridae	RVA_segment_2	Rotavirus A | segment 2	LOCAL_MAPPING	NONE	ASSEMBLY	ASSEMBLY	LOCAL_MAPPING	NONE	NONE	NONE
Sedoreoviridae	RVA_segment_3	Rotavirus A | segment 3	ASSEMBLY	NONE	ASSEMBLY	ASSEMBLY	LOCAL_MAPPING	NONE	LOCAL_MAPPING	NONE
Sedoreoviridae	RVA_segment_4	Rotavirus A | segment 4	LOCAL_MAPPING	NONE	ASSEMBLY	ASSEMBLY	NONE	NONE	NONE	NONE
Sedoreoviridae	RVA_segment_7	Rotavirus A | segment 7	LOCAL_MAPPING	NONE	LOCAL_MAPPING	ASSEMBLY	NONE	NONE	NONE	NONE
Sedoreoviridae	RVA_segment_9	Rotavirus A | segment 9	LOCAL_MAPPING	NONE	LOCAL_MAPPING	ASSEMBLY	NONE	NONE	NONE	NONE
Sedoreoviridae	RVC_segment_2	Rotavirus C | segment 2	NONE	NONE	LOCAL_MAPPING	ASSEMBLY	NONE	NONE	NONE	NONE
Sedoreoviridae	RVC_segment_3	Rotavirus C | segment 3	LOCAL_MAPPING	NONE	NONE	ASSEMBLY	NONE	NONE	NONE	NONE
Sedoreoviridae	RVC_segment_4	Rotavirus C | segment 4	LOCAL_MAPPING	NONE	NONE	ASSEMBLY	NONE	NONE	NONE	NONE
Sedoreoviridae	Rotavirus_alpha_like_segment_1	Rotavirus alphagastroenteritidis-like | segment 1	NONE	NONE	LOCAL_MAPPING	ASSEMBLY	NONE	NONE	NONE	NONE
Sedoreoviridae	Rotavirus_alpha_like_segment_2	Rotavirus alphagastroenteritidis-like | segment 2	NONE	NONE	ASSEMBLY	LOCAL_MAPPING	NONE	NONE	LOCAL_MAPPING	NONE
