priority	family	cluster_id	representative	representative_length	cluster_size	sample_count	samples
cross_sample	Adenoviridae	Adenoviridae_C001	ERR14788954|k141_44	34268	5	4	ERR14788954,ERR14788991,ERR14788995,ERR14789044
cross_sample	Adenoviridae	Adenoviridae_C002	ERR14788995|k141_3829	22263	2	2	ERR14788992,ERR14788995
cross_sample	Astroviridae	Astroviridae_C001	ERR14788992|k141_13885	6925	8	6	ERR14788864,ERR14788990,ERR14788991,ERR14788992,ERR14788995,ERR14789044
cross_sample	Astroviridae	Astroviridae_C005	ERR14788990|k141_1202	4497	3	3	ERR14788990,ERR14788991,ERR14788992
cross_sample	Astroviridae	Astroviridae_C008	ERR14788991|k141_1065	3629	3	3	ERR14788990,ERR14788991,ERR14788992
cross_sample	Astroviridae	Astroviridae_C002	ERR14788954|k141_113	6868	2	2	ERR14788954,ERR14788990
cross_sample	Astroviridae	Astroviridae_C006	ERR14788988|k141_8673	4106	2	2	ERR14788988,ERR14788990
cross_sample	Caliciviridae	Caliciviridae_C004	ERR14788991|k141_4783	2777	4	4	ERR14788954,ERR14788988,ERR14788991,ERR14788992
cross_sample	Caliciviridae	Caliciviridae_C009	ERR14788991|k141_4615	1766	2	2	ERR14788991,ERR14788992
cross_sample	Parvoviridae	Parvoviridae_C001	ERR14788995|k141_7572	5456	5	5	ERR14788954,ERR14788990,ERR14788992,ERR14788995,ERR14789044
cross_sample	Parvoviridae	Parvoviridae_C002	ERR14788995|k141_6225	5313	4	4	ERR14788990,ERR14788991,ERR14788992,ERR14788995
cross_sample	Parvoviridae	Parvoviridae_C006	ERR14789044|k141_3535	1802	3	3	ERR14788990,ERR14788992,ERR14789044
cross_sample	Parvoviridae	Parvoviridae_C004	ERR14789044|k141_3682	2174	2	2	ERR14788992,ERR14789044
cross_sample	Sedoreoviridae	Sedoreoviridae_C004	ERR14788992|k141_14248	3205	3	3	ERR14788990,ERR14788991,ERR14788992
cross_sample	Sedoreoviridae	Sedoreoviridae_C012	ERR14788992|k141_2176	1922	3	3	ERR14788990,ERR14788991,ERR14788992
cross_sample	Sedoreoviridae	Sedoreoviridae_C001	ERR14788992|k141_11532	3969	2	2	ERR14788991,ERR14788992
cross_sample	Sedoreoviridae	Sedoreoviridae_C011	ERR14788991|k141_5815	1923	2	2	ERR14788991,ERR14788992
cross_sample	Sedoreoviridae	Sedoreoviridae_C013	ERR14788992|k141_382	1877	2	2	ERR14788990,ERR14788992
cross_sample	Sedoreoviridae	Sedoreoviridae_C014	ERR14788991|k141_4973	1772	2	2	ERR14788991,ERR14788992
picornavirus_singleton	Picornaviridae	Picornaviridae_C001	ERR14788954|k141_3867	7092	1	1	ERR14788954
picornavirus_singleton	Picornaviridae	Picornaviridae_C002	ERR14788954|k141_14829	6088	1	1	ERR14788954
picornavirus_singleton	Picornaviridae	Picornaviridae_C003	ERR14788954|k141_20958	3327	1	1	ERR14788954
picornavirus_singleton	Picornaviridae	Picornaviridae_C004	ERR14788988|k141_8449	2954	1	1	ERR14788988
picornavirus_singleton	Picornaviridae	Picornaviridae_C005	ERR14788954|k141_22448	2878	1	1	ERR14788954
