priority	family	cluster_id	biological_label	virus_group	genome_unit	representative	representative_length	cluster_size	sample_count	samples	best_nt_accession	best_nt_name	query_coverage_pct	max_local_identity_pct	hsp_count	best_nt_title
cross_sample	Astroviridae	Astroviridae_C001	Human astrovirus 1-like	HAstV1	genome	ERR14788992|k141_13885	6925	8	6	ERR14788864,ERR14788990,ERR14788991,ERR14788992,ERR14788995,ERR14789044	PP901925	Human astrovirus 1	100.0	99.426	2	Human astrovirus 1 isolate E59S4 putative serine protease (ORF1a) gene, complete cds; RNA-dependent RNA polymerase (ORF1b) gene, partial cds; and capsid protein (ORF2) gene, complete cds
cross_sample	Parvoviridae	Parvoviridae_C001	Human bocavirus 3-like	HBoV3	genome	ERR14788995|k141_7572	5456	5	5	ERR14788954,ERR14788990,ERR14788992,ERR14788995,ERR14789044	OP255991	Human bocavirus 3	100.0	99.735	2	Human bocavirus 3 strain R04-14/Hu/NL/2018, complete genome
cross_sample	Adenoviridae	Adenoviridae_C001	Human adenovirus 41-like	HAdV41	genome	ERR14788954|k141_44	34268	5	4	ERR14788954,ERR14788991,ERR14788995,ERR14789044	KY316161	Human adenovirus 41	100.0	99.426	4	Human adenovirus 41 isolate SH/2015/D187, complete genome
cross_sample	Caliciviridae	Caliciviridae_C004	Sapovirus GI.2-like	SaV_GI2	genome	ERR14788991|k141_4783	2777	4	4	ERR14788954,ERR14788988,ERR14788991,ERR14788992	MF431582	Sapovirus Hu/GI.2/Dublin/2016/IRL	100.0	100.000	2	Sapovirus Hu/GI.2/Dublin/2016/IRL, partial genome
cross_sample	Parvoviridae	Parvoviridae_C002	Rodent bocavirus-like	Rodent_BoV	genome	ERR14788995|k141_6225	5313	4	4	ERR14788990,ERR14788991,ERR14788992,ERR14788995	KY927869	Rodent bocavirus	99.0	98.191	2	Rodent bocavirus isolate DLS16, complete genome
cross_sample	Astroviridae	Astroviridae_C005	Human astrovirus 3-like	HAstV3	genome	ERR14788990|k141_1202	4497	3	3	ERR14788990,ERR14788991,ERR14788992	MN444721	Human astrovirus 3	100.0	98.931	3	Human astrovirus 3 strain Hu/US/2017/CA-RGDS-1074, complete genome
cross_sample	Astroviridae	Astroviridae_C008	Human astrovirus 3-like	HAstV3	genome	ERR14788991|k141_1065	3629	3	3	ERR14788990,ERR14788991,ERR14788992	LC732123	Human astrovirus 3	100.0	98.515	2	Human astrovirus 3 Human/JPN/2016/JP14665 RNA, nearly complete genome
cross_sample	Parvoviridae	Parvoviridae_C006	Human bocavirus 2-like	HBoV2	genome	ERR14789044|k141_3535	1802	3	3	ERR14788990,ERR14788992,ERR14789044	MZ546192	Bocaparvovirus sp.	100.0	97.603	2	Bocaparvovirus sp. strain Parvozj-8, complete genome
cross_sample	Sedoreoviridae	Sedoreoviridae_C004	Rotavirus A segment 3 / VP3-like	RVA_seg3	segment3	ERR14788992|k141_14248	3205	3	3	ERR14788990,ERR14788991,ERR14788992	OR890193	Rotavirus A	99.0	99.219	2	Rotavirus A strain RVA/Human-wt/GHA/WMH-1439/2015/G9P[4] segment 3, complete sequence
cross_sample	Sedoreoviridae	Sedoreoviridae_C012	Rotavirus A segment 1 / VP1-like	RVA_seg1	segment1	ERR14788992|k141_2176	1922	3	3	ERR14788990,ERR14788991,ERR14788992	LC469406	Human rotavirus A	100.0	100.000	4	Human rotavirus A RVA/Human-wt/IDN/STM182/2016/G3P[6] gene for VP1 protein, complete cds
cross_sample	Adenoviridae	Adenoviridae_C002	Human adenovirus 41-like	HAdV41	genome	ERR14788995|k141_3829	22263	2	2	ERR14788992,ERR14788995	ON442328	Human adenovirus 41	99.0	99.948	5	Human adenovirus 41 isolate Hannover_2022_2, complete genome
cross_sample	Astroviridae	Astroviridae_C002	Human astrovirus 1-like	HAstV1	genome	ERR14788954|k141_113	6868	2	2	ERR14788954,ERR14788990	JF327666	Human astrovirus	99.0	100.000	2	Human astrovirus strain Pune/063681/India, complete genome
cross_sample	Astroviridae	Astroviridae_C006	Human astrovirus 5-like	HAstV5	genome	ERR14788988|k141_8673	4106	2	2	ERR14788988,ERR14788990	MG921619	Human astrovirus	99.0	100.000	2	Human astrovirus isolate Yu/1-CHN, complete genome
cross_sample	Caliciviridae	Caliciviridae_C009	Sapovirus GI.2-like	SaV_GI2	genome	ERR14788991|k141_4615	1766	2	2	ERR14788991,ERR14788992	MF431582	Sapovirus Hu/GI.2/Dublin/2016/IRL	100.0	99.037	1	Sapovirus Hu/GI.2/Dublin/2016/IRL, partial genome
cross_sample	Parvoviridae	Parvoviridae_C004	Human bocavirus 2-like	HBoV2	genome	ERR14789044|k141_3682	2174	2	2	ERR14788992,ERR14789044	EU082213	Human bocavirus 2	99.0	99.759	2	Human bocavirus 2 strain W153, complete genome
cross_sample	Sedoreoviridae	Sedoreoviridae_C001	Rotavirus A segment 1 / VP1-like	RVA_seg1	segment1	ERR14788992|k141_11532	3969	2	2	ERR14788991,ERR14788992	LC477448	Human rotavirus A	99.0	97.615	4	Human rotavirus A Human-wt/JPN/Tokyo17-119/2017/G3P[8](DS-1) VP1 gene for VP1 protein, complete cds
cross_sample	Sedoreoviridae	Sedoreoviridae_C011	Rotavirus A segment 1 / VP1-like	RVA_seg1	segment1	ERR14788991|k141_5815	1923	2	2	ERR14788991,ERR14788992	MG599517	Human rotavirus A	100.0	96.698	2	Human rotavirus A strain RVA/Human-wt/BRA/IAL-R3165/2013/G1P[8] structural protein VP1 gene, complete cds
cross_sample	Sedoreoviridae	Sedoreoviridae_C013	Rotavirus A segment 3 / VP3-like	RVA_seg3	segment3	ERR14788992|k141_382	1877	2	2	ERR14788990,ERR14788992	MH569759	Rotavirus A	99.0	100.000	2	Rotavirus A strain RVA/Human-wt/BRA/IAL-R608/2015/G3P[8] VP3 gene, complete cds
cross_sample	Sedoreoviridae	Sedoreoviridae_C014	Rotavirus A segment 2 / VP2-like	RVA_seg2	segment2	ERR14788991|k141_4973	1772	2	2	ERR14788991,ERR14788992	OR890170	Rotavirus A	99.0	99.085	1	Rotavirus A strain RVA/Human-wt/GHA/103M/2015/G9P[4] segment 2, complete sequence
picornavirus_singleton	Picornaviridae	Picornaviridae_C001	Divergent Enterovirus B-like (B106 best hit)	EVB_like	genome	ERR14788954|k141_3867	7092	1	1	ERR14788954	KX171334	Enterovirus B106	98.0	82.233	1	Enterovirus B106 isolate AKS-AWT-AFP2F/XJ/CHN/2011, complete genome
picornavirus_singleton	Picornaviridae	Picornaviridae_C002	Enterovirus B84-like	EVB84	genome	ERR14788954|k141_14829	6088	1	1	ERR14788954	DQ902712	Enterovirus B84	99.0	91.587	2	Human enterovirus 84 isolate CIV2003-10603, complete genome
picornavirus_singleton	Picornaviridae	Picornaviridae_C003	Aichivirus A1-like	Aichi_A1	genome	ERR14788954|k141_20958	3327	1	1	ERR14788954	GQ927704	aichivirus A1	100.0	87.628	1	Aichi virus strain D/VI2169/2004 polyprotein gene, complete cds
picornavirus_singleton	Picornaviridae	Picornaviridae_C004	Kobuvirus-like (Aichivirus-related)	Kobuvirus_like	genome	ERR14788988|k141_8449	2954	1	1	ERR14788988	MF947441	Kobuvirus sp.	99.0	97.833	1	Kobuvirus sp. strain 16317x87 polyprotein gene, complete cds
picornavirus_singleton	Picornaviridae	Picornaviridae_C005	Coxsackievirus A19-like	CVA19	genome	ERR14788954|k141_22448	2878	1	1	ERR14788954	PQ889394	Coxsackievirus A19	99.0	97.497	1	Coxsackievirus A19 isolate CMR-ENV01-C7 polyprotein gene, partial cds
