cluster_id	biological_label	ERR14788990	ERR14788988	ERR14788991	ERR14788992	ERR14788995	ERR14789044	ERR14788864	ERR14788954
Adenoviridae_C001	Human adenovirus 41-like	376.51	387.67	314.54	300.10	1470.10	2762.24	42.57	169707.91
Adenoviridae_C002	Human adenovirus 41-like	26.51	60.10	46.41	48.02	394.86	35.11	5.68	4125.62
Astroviridae_C001	Human astrovirus 1-like	35100.47	0.00	20780.05	17639.68	613.55	4330.63	1007.52	0.00
Astroviridae_C005	Human astrovirus 3-like	14190.79	0.00	15933.09	3553.14	66.82	35.11	5.68	0.90
Astroviridae_C008	Human astrovirus 3-like	8012.81	0.00	9080.32	2085.67	139.72	35.11	5.68	7.20
Astroviridae_C002	Human astrovirus 1-like	1288.63	39.07	309.38	12.00	18.22	0.00	0.00	14669.28
Astroviridae_C006	Human astrovirus 5-like	493.18	405.70	25.78	9.00	85.05	0.00	0.00	0.00
Caliciviridae_C004	Sapovirus GI.2-like	307.57	186.32	1108.61	186.06	60.75	0.00	14.19	29.71
Caliciviridae_C009	Sapovirus GI.2-like	169.70	42.07	551.73	81.03	18.22	0.00	5.68	0.90
Parvoviridae_C001	Human bocavirus 3-like	487.87	60.10	232.04	345.11	692.52	339.43	48.25	124.25
Parvoviridae_C002	Rodent bocavirus-like	1150.75	102.18	2026.44	1863.60	2375.24	0.00	0.00	0.00
Parvoviridae_C006	Human bocavirus 2-like	493.18	6.01	5.16	138.04	115.42	678.85	79.47	9.00
Parvoviridae_C004	Human bocavirus 2-like	116.67	9.02	10.31	168.05	66.82	842.72	79.47	4.50
Sedoreoviridae_C004	Rotavirus A segment 3 / VP3-like	837.87	0.00	1871.75	840.27	78.97	0.00	5.68	0.00
Sedoreoviridae_C012	Rotavirus A segment 1 / VP1-like	169.70	0.00	134.06	156.05	0.00	0.00	0.00	0.00
Sedoreoviridae_C001	Rotavirus A segment 1 / VP1-like	0.00	0.00	309.38	261.08	0.00	0.00	0.00	0.00
Sedoreoviridae_C011	Rotavirus A segment 1 / VP1-like	15.91	0.00	330.01	123.04	6.07	0.00	0.00	0.00
Sedoreoviridae_C013	Rotavirus A segment 3 / VP3-like	143.18	0.00	618.76	408.13	0.00	0.00	2.84	0.00
Sedoreoviridae_C014	Rotavirus A segment 2 / VP2-like	42.42	0.00	340.32	567.18	6.07	0.00	0.00	0.00
Picornaviridae_C001	Divergent Enterovirus B-like (B106 best hit)	0.00	0.00	0.00	0.00	0.00	0.00	0.00	1341.59
Picornaviridae_C002	Enterovirus B84-like	0.00	0.00	0.00	0.00	0.00	0.00	0.00	911.20
Picornaviridae_C003	Aichivirus A1-like	185.60	6.01	0.00	30.01	170.09	11.70	0.00	188.18
Picornaviridae_C004	Kobuvirus-like (Aichivirus-related)	790.14	372.64	103.13	117.04	1688.79	257.50	5.68	17.11
Picornaviridae_C005	Coxsackievirus A19-like	0.00	0.00	0.00	0.00	0.00	0.00	0.00	122.45
