sample	family	cluster_id	biological_label	virus_group	genome_unit	representative_length	mapq20_fragments	FPM	breadth1_mapq20_pct	breadth10_mapq20_pct	mean_depth_mapq20
ERR14788990	Adenoviridae	Adenoviridae_C001	Human adenovirus 41-like	HAdV41	genome	34268	71	376.51	10.64	3.13	0.84
ERR14788990	Adenoviridae	Adenoviridae_C002	Human adenovirus 41-like	HAdV41	genome	22263	5	26.51	4.34	0.00	0.09
ERR14788990	Astroviridae	Astroviridae_C001	Human astrovirus 1-like	HAstV1	genome	6925	6619	35100.47	99.45	97.99	431.28
ERR14788990	Astroviridae	Astroviridae_C005	Human astrovirus 3-like	HAstV3	genome	4497	2676	14190.79	96.71	95.44	270.40
ERR14788990	Astroviridae	Astroviridae_C008	Human astrovirus 3-like	HAstV3	genome	3629	1511	8012.81	90.41	84.18	182.09
ERR14788990	Astroviridae	Astroviridae_C002	Human astrovirus 1-like	HAstV1	genome	6868	243	1288.63	63.26	25.28	15.47
ERR14788990	Astroviridae	Astroviridae_C006	Human astrovirus 5-like	HAstV5	genome	4106	93	493.18	38.65	22.67	10.64
ERR14788990	Caliciviridae	Caliciviridae_C004	Sapovirus GI.2-like	SaV_GI2	genome	2777	58	307.57	70.44	43.86	8.63
ERR14788990	Caliciviridae	Caliciviridae_C009	Sapovirus GI.2-like	SaV_GI2	genome	1766	32	169.70	52.94	21.46	8.27
ERR14788990	Parvoviridae	Parvoviridae_C001	Human bocavirus 3-like	HBoV3	genome	5456	92	487.87	50.86	19.87	7.50
ERR14788990	Parvoviridae	Parvoviridae_C002	Rodent bocavirus-like	Rodent_BoV	genome	5313	217	1150.75	80.27	53.57	15.93
ERR14788990	Parvoviridae	Parvoviridae_C006	Human bocavirus 2-like	HBoV2	genome	1802	93	493.18	84.63	63.10	26.61
ERR14788990	Parvoviridae	Parvoviridae_C004	Human bocavirus 2-like	HBoV2	genome	2174	22	116.67	37.21	24.01	3.90
ERR14788990	Sedoreoviridae	Sedoreoviridae_C004	Rotavirus A segment 3 / VP3-like	RVA_seg3	segment3	3205	158	837.87	75.94	64.62	23.61
ERR14788990	Sedoreoviridae	Sedoreoviridae_C012	Rotavirus A segment 1 / VP1-like	RVA_seg1	segment1	1922	32	169.70	45.68	23.26	7.43
ERR14788990	Sedoreoviridae	Sedoreoviridae_C001	Rotavirus A segment 1 / VP1-like	RVA_seg1	segment1	3969	0	0.00	0.00	0.00	0.00
ERR14788990	Sedoreoviridae	Sedoreoviridae_C011	Rotavirus A segment 1 / VP1-like	RVA_seg1	segment1	1923	3	15.91	18.77	0.00	0.42
ERR14788990	Sedoreoviridae	Sedoreoviridae_C013	Rotavirus A segment 3 / VP3-like	RVA_seg3	segment3	1877	27	143.18	81.30	20.25	6.30
ERR14788990	Sedoreoviridae	Sedoreoviridae_C014	Rotavirus A segment 2 / VP2-like	RVA_seg2	segment2	1772	8	42.42	30.64	3.05	1.81
ERR14788990	Picornaviridae	Picornaviridae_C001	Divergent Enterovirus B-like (B106 best hit)	EVB_like	genome	7092	0	0.00	0.00	0.00	0.00
ERR14788990	Picornaviridae	Picornaviridae_C002	Enterovirus B84-like	EVB84	genome	6088	0	0.00	0.00	0.00	0.00
ERR14788990	Picornaviridae	Picornaviridae_C003	Aichivirus A1-like	Aichi_A1	genome	3327	35	185.60	17.13	12.20	4.50
ERR14788990	Picornaviridae	Picornaviridae_C004	Kobuvirus-like (Aichivirus-related)	Kobuvirus_like	genome	2954	149	790.14	35.44	34.66	19.85
ERR14788990	Picornaviridae	Picornaviridae_C005	Coxsackievirus A19-like	CVA19	genome	2878	0	0.00	0.00	0.00	0.00
ERR14788988	Adenoviridae	Adenoviridae_C001	Human adenovirus 41-like	HAdV41	genome	34268	129	387.67	32.77	4.76	1.78
ERR14788988	Adenoviridae	Adenoviridae_C002	Human adenovirus 41-like	HAdV41	genome	22263	20	60.10	16.78	0.00	0.40
ERR14788988	Astroviridae	Astroviridae_C001	Human astrovirus 1-like	HAstV1	genome	6925	0	0.00	0.00	0.00	0.00
ERR14788988	Astroviridae	Astroviridae_C005	Human astrovirus 3-like	HAstV3	genome	4497	0	0.00	0.00	0.00	0.00
ERR14788988	Astroviridae	Astroviridae_C008	Human astrovirus 3-like	HAstV3	genome	3629	0	0.00	0.00	0.00	0.00
ERR14788988	Astroviridae	Astroviridae_C002	Human astrovirus 1-like	HAstV1	genome	6868	13	39.07	21.11	0.15	0.78
ERR14788988	Astroviridae	Astroviridae_C006	Human astrovirus 5-like	HAstV5	genome	4106	135	405.70	94.06	61.45	16.26
ERR14788988	Caliciviridae	Caliciviridae_C004	Sapovirus GI.2-like	SaV_GI2	genome	2777	62	186.32	93.48	44.44	9.82
ERR14788988	Caliciviridae	Caliciviridae_C009	Sapovirus GI.2-like	SaV_GI2	genome	1766	14	42.07	67.72	6.91	3.77
ERR14788988	Parvoviridae	Parvoviridae_C001	Human bocavirus 3-like	HBoV3	genome	5456	20	60.10	50.70	0.00	1.65
ERR14788988	Parvoviridae	Parvoviridae_C002	Rodent bocavirus-like	Rodent_BoV	genome	5313	34	102.18	73.25	4.33	2.79
ERR14788988	Parvoviridae	Parvoviridae_C006	Human bocavirus 2-like	HBoV2	genome	1802	2	6.01	37.46	0.00	0.52
ERR14788988	Parvoviridae	Parvoviridae_C004	Human bocavirus 2-like	HBoV2	genome	2174	3	9.02	31.19	0.00	0.61
ERR14788988	Sedoreoviridae	Sedoreoviridae_C004	Rotavirus A segment 3 / VP3-like	RVA_seg3	segment3	3205	0	0.00	0.00	0.00	0.00
ERR14788988	Sedoreoviridae	Sedoreoviridae_C012	Rotavirus A segment 1 / VP1-like	RVA_seg1	segment1	1922	0	0.00	0.00	0.00	0.00
ERR14788988	Sedoreoviridae	Sedoreoviridae_C001	Rotavirus A segment 1 / VP1-like	RVA_seg1	segment1	3969	0	0.00	0.00	0.00	0.00
ERR14788988	Sedoreoviridae	Sedoreoviridae_C011	Rotavirus A segment 1 / VP1-like	RVA_seg1	segment1	1923	0	0.00	0.00	0.00	0.00
ERR14788988	Sedoreoviridae	Sedoreoviridae_C013	Rotavirus A segment 3 / VP3-like	RVA_seg3	segment3	1877	0	0.00	0.00	0.00	0.00
ERR14788988	Sedoreoviridae	Sedoreoviridae_C014	Rotavirus A segment 2 / VP2-like	RVA_seg2	segment2	1772	0	0.00	0.00	0.00	0.00
ERR14788988	Picornaviridae	Picornaviridae_C001	Divergent Enterovirus B-like (B106 best hit)	EVB_like	genome	7092	0	0.00	0.00	0.00	0.00
ERR14788988	Picornaviridae	Picornaviridae_C002	Enterovirus B84-like	EVB84	genome	6088	0	0.00	0.00	0.00	0.00
ERR14788988	Picornaviridae	Picornaviridae_C003	Aichivirus A1-like	Aichi_A1	genome	3327	2	6.01	14.37	0.00	0.22
ERR14788988	Picornaviridae	Picornaviridae_C004	Kobuvirus-like (Aichivirus-related)	Kobuvirus_like	genome	2954	124	372.64	99.19	70.95	17.36
ERR14788988	Picornaviridae	Picornaviridae_C005	Coxsackievirus A19-like	CVA19	genome	2878	0	0.00	0.00	0.00	0.00
ERR14788991	Adenoviridae	Adenoviridae_C001	Human adenovirus 41-like	HAdV41	genome	34268	61	314.54	7.74	2.87	0.84
ERR14788991	Adenoviridae	Adenoviridae_C002	Human adenovirus 41-like	HAdV41	genome	22263	9	46.41	4.57	0.49	0.18
ERR14788991	Astroviridae	Astroviridae_C001	Human astrovirus 1-like	HAstV1	genome	6925	4030	20780.05	98.95	97.95	260.95
ERR14788991	Astroviridae	Astroviridae_C005	Human astrovirus 3-like	HAstV3	genome	4497	3090	15933.09	93.44	84.43	295.02
ERR14788991	Astroviridae	Astroviridae_C008	Human astrovirus 3-like	HAstV3	genome	3629	1761	9080.32	90.25	88.45	209.87
ERR14788991	Astroviridae	Astroviridae_C002	Human astrovirus 1-like	HAstV1	genome	6868	60	309.38	28.45	10.35	3.94
ERR14788991	Astroviridae	Astroviridae_C006	Human astrovirus 5-like	HAstV5	genome	4106	5	25.78	10.96	0.00	0.48
ERR14788991	Caliciviridae	Caliciviridae_C004	Sapovirus GI.2-like	SaV_GI2	genome	2777	215	1108.61	100.00	91.57	33.08
ERR14788991	Caliciviridae	Caliciviridae_C009	Sapovirus GI.2-like	SaV_GI2	genome	1766	107	551.73	100.00	72.82	28.07
ERR14788991	Parvoviridae	Parvoviridae_C001	Human bocavirus 3-like	HBoV3	genome	5456	45	232.04	46.72	12.24	3.68
ERR14788991	Parvoviridae	Parvoviridae_C002	Rodent bocavirus-like	Rodent_BoV	genome	5313	393	2026.44	94.75	76.70	26.93
ERR14788991	Parvoviridae	Parvoviridae_C006	Human bocavirus 2-like	HBoV2	genome	1802	1	5.16	8.82	0.00	0.10
ERR14788991	Parvoviridae	Parvoviridae_C004	Human bocavirus 2-like	HBoV2	genome	2174	2	10.31	16.19	0.00	0.32
ERR14788991	Sedoreoviridae	Sedoreoviridae_C004	Rotavirus A segment 3 / VP3-like	RVA_seg3	segment3	3205	363	1871.75	90.67	63.93	52.45
ERR14788991	Sedoreoviridae	Sedoreoviridae_C012	Rotavirus A segment 1 / VP1-like	RVA_seg1	segment1	1922	26	134.06	28.62	18.68	6.51
ERR14788991	Sedoreoviridae	Sedoreoviridae_C001	Rotavirus A segment 1 / VP1-like	RVA_seg1	segment1	3969	60	309.38	69.89	25.93	7.16
ERR14788991	Sedoreoviridae	Sedoreoviridae_C011	Rotavirus A segment 1 / VP1-like	RVA_seg1	segment1	1923	64	330.01	63.75	60.58	15.05
ERR14788991	Sedoreoviridae	Sedoreoviridae_C013	Rotavirus A segment 3 / VP3-like	RVA_seg3	segment3	1877	120	618.76	78.42	71.92	27.77
ERR14788991	Sedoreoviridae	Sedoreoviridae_C014	Rotavirus A segment 2 / VP2-like	RVA_seg2	segment2	1772	66	340.32	98.81	68.17	16.34
ERR14788991	Picornaviridae	Picornaviridae_C001	Divergent Enterovirus B-like (B106 best hit)	EVB_like	genome	7092	0	0.00	0.00	0.00	0.00
ERR14788991	Picornaviridae	Picornaviridae_C002	Enterovirus B84-like	EVB84	genome	6088	0	0.00	0.00	0.00	0.00
ERR14788991	Picornaviridae	Picornaviridae_C003	Aichivirus A1-like	Aichi_A1	genome	3327	0	0.00	0.00	0.00	0.00
ERR14788991	Picornaviridae	Picornaviridae_C004	Kobuvirus-like (Aichivirus-related)	Kobuvirus_like	genome	2954	20	103.13	17.20	14.25	2.56
ERR14788991	Picornaviridae	Picornaviridae_C005	Coxsackievirus A19-like	CVA19	genome	2878	0	0.00	0.00	0.00	0.00
ERR14788992	Adenoviridae	Adenoviridae_C001	Human adenovirus 41-like	HAdV41	genome	34268	100	300.10	22.02	3.08	1.26
ERR14788992	Adenoviridae	Adenoviridae_C002	Human adenovirus 41-like	HAdV41	genome	22263	16	48.02	10.18	0.00	0.30
ERR14788992	Astroviridae	Astroviridae_C001	Human astrovirus 1-like	HAstV1	genome	6925	5878	17639.68	100.00	99.81	376.09
ERR14788992	Astroviridae	Astroviridae_C005	Human astrovirus 3-like	HAstV3	genome	4497	1184	3553.14	83.63	78.81	113.52
ERR14788992	Astroviridae	Astroviridae_C008	Human astrovirus 3-like	HAstV3	genome	3629	695	2085.67	97.13	78.92	82.73
ERR14788992	Astroviridae	Astroviridae_C002	Human astrovirus 1-like	HAstV1	genome	6868	4	12.00	11.27	0.00	0.29
ERR14788992	Astroviridae	Astroviridae_C006	Human astrovirus 5-like	HAstV5	genome	4106	3	9.00	10.89	0.00	0.30
ERR14788992	Caliciviridae	Caliciviridae_C004	Sapovirus GI.2-like	SaV_GI2	genome	2777	62	186.06	74.07	35.69	9.37
ERR14788992	Caliciviridae	Caliciviridae_C009	Sapovirus GI.2-like	SaV_GI2	genome	1766	27	81.03	65.01	40.43	7.63
ERR14788992	Parvoviridae	Parvoviridae_C001	Human bocavirus 3-like	HBoV3	genome	5456	115	345.11	85.48	41.17	9.81
ERR14788992	Parvoviridae	Parvoviridae_C002	Rodent bocavirus-like	Rodent_BoV	genome	5313	621	1863.60	96.44	90.38	44.75
ERR14788992	Parvoviridae	Parvoviridae_C006	Human bocavirus 2-like	HBoV2	genome	1802	46	138.04	79.30	52.66	12.52
ERR14788992	Parvoviridae	Parvoviridae_C004	Human bocavirus 2-like	HBoV2	genome	2174	56	168.05	80.82	45.31	11.35
ERR14788992	Sedoreoviridae	Sedoreoviridae_C004	Rotavirus A segment 3 / VP3-like	RVA_seg3	segment3	3205	280	840.27	99.91	70.27	39.85
ERR14788992	Sedoreoviridae	Sedoreoviridae_C012	Rotavirus A segment 1 / VP1-like	RVA_seg1	segment1	1922	52	156.05	92.72	45.37	11.11
ERR14788992	Sedoreoviridae	Sedoreoviridae_C001	Rotavirus A segment 1 / VP1-like	RVA_seg1	segment1	3969	87	261.08	89.52	40.99	9.78
ERR14788992	Sedoreoviridae	Sedoreoviridae_C011	Rotavirus A segment 1 / VP1-like	RVA_seg1	segment1	1923	41	123.04	77.38	29.28	7.93
ERR14788992	Sedoreoviridae	Sedoreoviridae_C013	Rotavirus A segment 3 / VP3-like	RVA_seg3	segment3	1877	136	408.13	89.34	73.89	34.63
ERR14788992	Sedoreoviridae	Sedoreoviridae_C014	Rotavirus A segment 2 / VP2-like	RVA_seg2	segment2	1772	189	567.18	99.83	90.63	45.64
ERR14788992	Picornaviridae	Picornaviridae_C001	Divergent Enterovirus B-like (B106 best hit)	EVB_like	genome	7092	0	0.00	0.00	0.00	0.00
ERR14788992	Picornaviridae	Picornaviridae_C002	Enterovirus B84-like	EVB84	genome	6088	0	0.00	0.00	0.00	0.00
ERR14788992	Picornaviridae	Picornaviridae_C003	Aichivirus A1-like	Aichi_A1	genome	3327	10	30.01	8.45	7.48	1.22
ERR14788992	Picornaviridae	Picornaviridae_C004	Kobuvirus-like (Aichivirus-related)	Kobuvirus_like	genome	2954	39	117.04	46.99	24.04	6.15
ERR14788992	Picornaviridae	Picornaviridae_C005	Coxsackievirus A19-like	CVA19	genome	2878	0	0.00	0.00	0.00	0.00
ERR14788995	Adenoviridae	Adenoviridae_C001	Human adenovirus 41-like	HAdV41	genome	34268	242	1470.10	33.35	8.18	2.59
ERR14788995	Adenoviridae	Adenoviridae_C002	Human adenovirus 41-like	HAdV41	genome	22263	65	394.86	22.46	3.26	0.96
ERR14788995	Astroviridae	Astroviridae_C001	Human astrovirus 1-like	HAstV1	genome	6925	101	613.55	94.48	8.39	4.40
ERR14788995	Astroviridae	Astroviridae_C005	Human astrovirus 3-like	HAstV3	genome	4497	11	66.82	38.96	0.00	0.81
ERR14788995	Astroviridae	Astroviridae_C008	Human astrovirus 3-like	HAstV3	genome	3629	23	139.72	18.85	10.50	2.32
ERR14788995	Astroviridae	Astroviridae_C002	Human astrovirus 1-like	HAstV1	genome	6868	3	18.22	7.99	0.00	0.16
ERR14788995	Astroviridae	Astroviridae_C006	Human astrovirus 5-like	HAstV5	genome	4106	14	85.05	40.43	0.00	0.89
ERR14788995	Caliciviridae	Caliciviridae_C004	Sapovirus GI.2-like	SaV_GI2	genome	2777	10	60.75	35.00	0.00	1.01
ERR14788995	Caliciviridae	Caliciviridae_C009	Sapovirus GI.2-like	SaV_GI2	genome	1766	3	18.22	29.78	0.00	0.54
ERR14788995	Parvoviridae	Parvoviridae_C001	Human bocavirus 3-like	HBoV3	genome	5456	114	692.52	89.94	29.12	7.11
ERR14788995	Parvoviridae	Parvoviridae_C002	Rodent bocavirus-like	Rodent_BoV	genome	5313	391	2375.24	98.59	76.02	23.00
ERR14788995	Parvoviridae	Parvoviridae_C006	Human bocavirus 2-like	HBoV2	genome	1802	19	115.42	77.80	18.81	4.37
ERR14788995	Parvoviridae	Parvoviridae_C004	Human bocavirus 2-like	HBoV2	genome	2174	11	66.82	75.85	0.00	1.64
ERR14788995	Sedoreoviridae	Sedoreoviridae_C004	Rotavirus A segment 3 / VP3-like	RVA_seg3	segment3	3205	13	78.97	47.33	0.00	1.32
ERR14788995	Sedoreoviridae	Sedoreoviridae_C012	Rotavirus A segment 1 / VP1-like	RVA_seg1	segment1	1922	0	0.00	0.00	0.00	0.00
ERR14788995	Sedoreoviridae	Sedoreoviridae_C001	Rotavirus A segment 1 / VP1-like	RVA_seg1	segment1	3969	0	0.00	0.00	0.00	0.00
ERR14788995	Sedoreoviridae	Sedoreoviridae_C011	Rotavirus A segment 1 / VP1-like	RVA_seg1	segment1	1923	1	6.07	22.05	0.00	0.22
ERR14788995	Sedoreoviridae	Sedoreoviridae_C013	Rotavirus A segment 3 / VP3-like	RVA_seg3	segment3	1877	0	0.00	0.00	0.00	0.00
ERR14788995	Sedoreoviridae	Sedoreoviridae_C014	Rotavirus A segment 2 / VP2-like	RVA_seg2	segment2	1772	1	6.07	17.72	0.00	0.27
ERR14788995	Picornaviridae	Picornaviridae_C001	Divergent Enterovirus B-like (B106 best hit)	EVB_like	genome	7092	0	0.00	0.00	0.00	0.00
ERR14788995	Picornaviridae	Picornaviridae_C002	Enterovirus B84-like	EVB84	genome	6088	0	0.00	0.00	0.00	0.00
ERR14788995	Picornaviridae	Picornaviridae_C003	Aichivirus A1-like	Aichi_A1	genome	3327	28	170.09	25.85	10.76	2.29
ERR14788995	Picornaviridae	Picornaviridae_C004	Kobuvirus-like (Aichivirus-related)	Kobuvirus_like	genome	2954	278	1688.79	98.61	83.65	30.68
ERR14788995	Picornaviridae	Picornaviridae_C005	Coxsackievirus A19-like	CVA19	genome	2878	0	0.00	0.00	0.00	0.00
ERR14789044	Adenoviridae	Adenoviridae_C001	Human adenovirus 41-like	HAdV41	genome	34268	236	2762.24	30.75	14.21	2.96
ERR14789044	Adenoviridae	Adenoviridae_C002	Human adenovirus 41-like	HAdV41	genome	22263	3	35.11	4.36	0.00	0.06
ERR14789044	Astroviridae	Astroviridae_C001	Human astrovirus 1-like	HAstV1	genome	6925	370	4330.63	90.99	73.79	23.99
ERR14789044	Astroviridae	Astroviridae_C005	Human astrovirus 3-like	HAstV3	genome	4497	3	35.11	13.30	0.00	0.22
ERR14789044	Astroviridae	Astroviridae_C008	Human astrovirus 3-like	HAstV3	genome	3629	3	35.11	12.26	0.00	0.43
ERR14789044	Astroviridae	Astroviridae_C002	Human astrovirus 1-like	HAstV1	genome	6868	0	0.00	0.00	0.00	0.00
ERR14789044	Astroviridae	Astroviridae_C006	Human astrovirus 5-like	HAstV5	genome	4106	0	0.00	0.00	0.00	0.00
ERR14789044	Caliciviridae	Caliciviridae_C004	Sapovirus GI.2-like	SaV_GI2	genome	2777	0	0.00	0.00	0.00	0.00
ERR14789044	Caliciviridae	Caliciviridae_C009	Sapovirus GI.2-like	SaV_GI2	genome	1766	0	0.00	0.00	0.00	0.00
ERR14789044	Parvoviridae	Parvoviridae_C001	Human bocavirus 3-like	HBoV3	genome	5456	29	339.43	36.03	6.76	2.34
ERR14789044	Parvoviridae	Parvoviridae_C002	Rodent bocavirus-like	Rodent_BoV	genome	5313	0	0.00	0.00	0.00	0.00
ERR14789044	Parvoviridae	Parvoviridae_C006	Human bocavirus 2-like	HBoV2	genome	1802	58	678.85	90.51	54.11	13.66
ERR14789044	Parvoviridae	Parvoviridae_C004	Human bocavirus 2-like	HBoV2	genome	2174	72	842.72	95.58	50.46	14.20
ERR14789044	Sedoreoviridae	Sedoreoviridae_C004	Rotavirus A segment 3 / VP3-like	RVA_seg3	segment3	3205	0	0.00	0.00	0.00	0.00
ERR14789044	Sedoreoviridae	Sedoreoviridae_C012	Rotavirus A segment 1 / VP1-like	RVA_seg1	segment1	1922	0	0.00	0.00	0.00	0.00
ERR14789044	Sedoreoviridae	Sedoreoviridae_C001	Rotavirus A segment 1 / VP1-like	RVA_seg1	segment1	3969	0	0.00	0.00	0.00	0.00
ERR14789044	Sedoreoviridae	Sedoreoviridae_C011	Rotavirus A segment 1 / VP1-like	RVA_seg1	segment1	1923	0	0.00	0.00	0.00	0.00
ERR14789044	Sedoreoviridae	Sedoreoviridae_C013	Rotavirus A segment 3 / VP3-like	RVA_seg3	segment3	1877	0	0.00	0.00	0.00	0.00
ERR14789044	Sedoreoviridae	Sedoreoviridae_C014	Rotavirus A segment 2 / VP2-like	RVA_seg2	segment2	1772	0	0.00	0.00	0.00	0.00
ERR14789044	Picornaviridae	Picornaviridae_C001	Divergent Enterovirus B-like (B106 best hit)	EVB_like	genome	7092	0	0.00	0.00	0.00	0.00
ERR14789044	Picornaviridae	Picornaviridae_C002	Enterovirus B84-like	EVB84	genome	6088	0	0.00	0.00	0.00	0.00
ERR14789044	Picornaviridae	Picornaviridae_C003	Aichivirus A1-like	Aichi_A1	genome	3327	1	11.70	6.49	0.00	0.06
ERR14789044	Picornaviridae	Picornaviridae_C004	Kobuvirus-like (Aichivirus-related)	Kobuvirus_like	genome	2954	22	257.50	34.26	18.65	3.16
ERR14789044	Picornaviridae	Picornaviridae_C005	Coxsackievirus A19-like	CVA19	genome	2878	0	0.00	0.00	0.00	0.00
ERR14788864	Adenoviridae	Adenoviridae_C001	Human adenovirus 41-like	HAdV41	genome	34268	15	42.57	10.64	0.00	0.19
ERR14788864	Adenoviridae	Adenoviridae_C002	Human adenovirus 41-like	HAdV41	genome	22263	2	5.68	2.30	0.00	0.04
ERR14788864	Astroviridae	Astroviridae_C001	Human astrovirus 1-like	HAstV1	genome	6925	355	1007.52	97.24	85.30	23.44
ERR14788864	Astroviridae	Astroviridae_C005	Human astrovirus 3-like	HAstV3	genome	4497	2	5.68	12.72	0.00	0.22
ERR14788864	Astroviridae	Astroviridae_C008	Human astrovirus 3-like	HAstV3	genome	3629	2	5.68	22.15	0.00	0.27
ERR14788864	Astroviridae	Astroviridae_C002	Human astrovirus 1-like	HAstV1	genome	6868	0	0.00	0.00	0.00	0.00
ERR14788864	Astroviridae	Astroviridae_C006	Human astrovirus 5-like	HAstV5	genome	4106	0	0.00	0.00	0.00	0.00
ERR14788864	Caliciviridae	Caliciviridae_C004	Sapovirus GI.2-like	SaV_GI2	genome	2777	5	14.19	36.41	0.00	0.80
ERR14788864	Caliciviridae	Caliciviridae_C009	Sapovirus GI.2-like	SaV_GI2	genome	1766	2	5.68	14.84	0.00	0.34
ERR14788864	Parvoviridae	Parvoviridae_C001	Human bocavirus 3-like	HBoV3	genome	5456	17	48.25	46.33	0.00	1.53
ERR14788864	Parvoviridae	Parvoviridae_C002	Rodent bocavirus-like	Rodent_BoV	genome	5313	0	0.00	0.00	0.00	0.00
ERR14788864	Parvoviridae	Parvoviridae_C006	Human bocavirus 2-like	HBoV2	genome	1802	28	79.47	78.58	31.69	7.05
ERR14788864	Parvoviridae	Parvoviridae_C004	Human bocavirus 2-like	HBoV2	genome	2174	28	79.47	86.75	17.76	5.45
ERR14788864	Sedoreoviridae	Sedoreoviridae_C004	Rotavirus A segment 3 / VP3-like	RVA_seg3	segment3	3205	2	5.68	19.38	0.00	0.31
ERR14788864	Sedoreoviridae	Sedoreoviridae_C012	Rotavirus A segment 1 / VP1-like	RVA_seg1	segment1	1922	0	0.00	0.00	0.00	0.00
ERR14788864	Sedoreoviridae	Sedoreoviridae_C001	Rotavirus A segment 1 / VP1-like	RVA_seg1	segment1	3969	0	0.00	0.00	0.00	0.00
ERR14788864	Sedoreoviridae	Sedoreoviridae_C011	Rotavirus A segment 1 / VP1-like	RVA_seg1	segment1	1923	0	0.00	0.00	0.00	0.00
ERR14788864	Sedoreoviridae	Sedoreoviridae_C013	Rotavirus A segment 3 / VP3-like	RVA_seg3	segment3	1877	1	2.84	12.25	0.00	0.25
ERR14788864	Sedoreoviridae	Sedoreoviridae_C014	Rotavirus A segment 2 / VP2-like	RVA_seg2	segment2	1772	0	0.00	0.00	0.00	0.00
ERR14788864	Picornaviridae	Picornaviridae_C001	Divergent Enterovirus B-like (B106 best hit)	EVB_like	genome	7092	0	0.00	0.00	0.00	0.00
ERR14788864	Picornaviridae	Picornaviridae_C002	Enterovirus B84-like	EVB84	genome	6088	0	0.00	0.00	0.00	0.00
ERR14788864	Picornaviridae	Picornaviridae_C003	Aichivirus A1-like	Aichi_A1	genome	3327	0	0.00	0.00	0.00	0.00
ERR14788864	Picornaviridae	Picornaviridae_C004	Kobuvirus-like (Aichivirus-related)	Kobuvirus_like	genome	2954	2	5.68	9.41	0.00	0.31
ERR14788864	Picornaviridae	Picornaviridae_C005	Coxsackievirus A19-like	CVA19	genome	2878	0	0.00	0.00	0.00	0.00
ERR14788954	Adenoviridae	Adenoviridae_C001	Human adenovirus 41-like	HAdV41	genome	34268	188481	169707.91	84.37	67.42	2038.84
ERR14788954	Adenoviridae	Adenoviridae_C002	Human adenovirus 41-like	HAdV41	genome	22263	4582	4125.62	25.79	3.84	77.70
ERR14788954	Astroviridae	Astroviridae_C001	Human astrovirus 1-like	HAstV1	genome	6925	0	0.00	0.00	0.00	0.00
ERR14788954	Astroviridae	Astroviridae_C005	Human astrovirus 3-like	HAstV3	genome	4497	1	0.90	5.07	0.00	0.05
ERR14788954	Astroviridae	Astroviridae_C008	Human astrovirus 3-like	HAstV3	genome	3629	8	7.20	9.92	1.52	0.77
ERR14788954	Astroviridae	Astroviridae_C002	Human astrovirus 1-like	HAstV1	genome	6868	16292	14669.28	100.00	99.23	873.89
ERR14788954	Astroviridae	Astroviridae_C006	Human astrovirus 5-like	HAstV5	genome	4106	0	0.00	0.00	0.00	0.00
ERR14788954	Caliciviridae	Caliciviridae_C004	Sapovirus GI.2-like	SaV_GI2	genome	2777	33	29.71	48.65	23.12	4.56
ERR14788954	Caliciviridae	Caliciviridae_C009	Sapovirus GI.2-like	SaV_GI2	genome	1766	1	0.90	13.42	0.00	0.21
ERR14788954	Parvoviridae	Parvoviridae_C001	Human bocavirus 3-like	HBoV3	genome	5456	138	124.25	88.98	25.86	9.59
ERR14788954	Parvoviridae	Parvoviridae_C002	Rodent bocavirus-like	Rodent_BoV	genome	5313	0	0.00	0.00	0.00	0.00
ERR14788954	Parvoviridae	Parvoviridae_C006	Human bocavirus 2-like	HBoV2	genome	1802	10	9.00	37.01	0.00	2.23
ERR14788954	Parvoviridae	Parvoviridae_C004	Human bocavirus 2-like	HBoV2	genome	2174	5	4.50	34.13	0.00	0.68
ERR14788954	Sedoreoviridae	Sedoreoviridae_C004	Rotavirus A segment 3 / VP3-like	RVA_seg3	segment3	3205	0	0.00	0.00	0.00	0.00
ERR14788954	Sedoreoviridae	Sedoreoviridae_C012	Rotavirus A segment 1 / VP1-like	RVA_seg1	segment1	1922	0	0.00	0.00	0.00	0.00
ERR14788954	Sedoreoviridae	Sedoreoviridae_C001	Rotavirus A segment 1 / VP1-like	RVA_seg1	segment1	3969	0	0.00	0.00	0.00	0.00
ERR14788954	Sedoreoviridae	Sedoreoviridae_C011	Rotavirus A segment 1 / VP1-like	RVA_seg1	segment1	1923	0	0.00	0.00	0.00	0.00
ERR14788954	Sedoreoviridae	Sedoreoviridae_C013	Rotavirus A segment 3 / VP3-like	RVA_seg3	segment3	1877	0	0.00	0.00	0.00	0.00
ERR14788954	Sedoreoviridae	Sedoreoviridae_C014	Rotavirus A segment 2 / VP2-like	RVA_seg2	segment2	1772	0	0.00	0.00	0.00	0.00
ERR14788954	Picornaviridae	Picornaviridae_C001	Divergent Enterovirus B-like (B106 best hit)	EVB_like	genome	7092	1490	1341.59	98.35	92.50	78.41
ERR14788954	Picornaviridae	Picornaviridae_C002	Enterovirus B84-like	EVB84	genome	6088	1012	911.20	97.31	87.55	61.19
ERR14788954	Picornaviridae	Picornaviridae_C003	Aichivirus A1-like	Aichi_A1	genome	3327	209	188.18	100.00	77.19	20.54
ERR14788954	Picornaviridae	Picornaviridae_C004	Kobuvirus-like (Aichivirus-related)	Kobuvirus_like	genome	2954	19	17.11	22.78	7.75	2.24
ERR14788954	Picornaviridae	Picornaviridae_C005	Coxsackievirus A19-like	CVA19	genome	2878	136	122.45	100.00	73.18	17.42
