sample	contig	family	length	mapped_reads	breadth1_pct	mean_depth_mapq10	assembly_supported_pass
ERR14788990	k141_843	Astroviridae	5171	14934	100.00	516.28	YES
ERR14788990	k141_2323	Astroviridae	1356	1233	98.30	28.49	YES
ERR14788990	k141_1370	Sedoreoviridae	2675	632	95.81	50.14	YES
ERR14788990	k141_2921	Parvoviridae	1126	135	100.00	16.40	YES
ERR14788990	k141_1202	Astroviridae	4497	11189	96.71	347.93	YES
ERR14788990	k141_1842	Astroviridae	1170	203	100.00	39.71	YES
ERR14788990	k141_36	Caliciviridae	1065	136	100.00	27.81	YES
ERR14788990	k141_400	Sedoreoviridae	1424	119	100.00	19.61	YES
ERR14788990	k141_1280	Astroviridae	1520	348	100.00	49.24	YES
ERR14788990	k141_1995	Astroviridae	1974	912	99.14	79.58	YES
ERR14788990	k141_2515	Parvoviridae	1448	159	100.00	19.85	YES
ERR14788990	k141_708	Astroviridae	3444	5069	99.42	262.28	YES
ERR14788990	k141_1899	Parvoviridae	1816	269	100.00	33.16	YES
ERR14788990	k141_238	Astroviridae	1000	367	100.00	65.44	YES
ERR14788990	k141_2898	Astroviridae	1085	171	100.00	34.06	YES
ERR14788990	k141_2678	Sedoreoviridae	1625	218	100.00	24.39	YES
ERR14788990	k141_568	Astroviridae	2013	813	97.47	44.03	YES
ERR14788990	k141_2776	Parvoviridae	1258	192	100.00	38.51	YES
ERR14788988	k141_14774	Astroviridae	6459	388	99.71	11.65	YES
ERR14788988	k141_8673	Astroviridae	4106	543	97.17	23.44	YES
ERR14788988	k141_17346	Caliciviridae	2709	185	99.96	13.36	YES
ERR14788988	k141_8449	Picornaviridae	2954	403	100.00	21.77	YES
ERR14788991	k141_1036	Astroviridae	5333	2370	99.57	66.97	YES
ERR14788991	k141_4097	Astroviridae	3984	8385	100.00	368.18	YES
ERR14788991	k141_1065	Astroviridae	3629	5873	98.18	268.31	YES
ERR14788991	k141_1804	Astroviridae	2066	1763	99.81	112.83	YES
ERR14788991	k141_5359	Parvoviridae	5251	1093	100.00	34.80	YES
ERR14788991	k141_3712	Sedoreoviridae	1215	91	100.00	17.96	YES
ERR14788991	k141_4615	Caliciviridae	1766	267	100.00	32.31	YES
ERR14788991	k141_5462	Picornaviridae	1116	109	100.00	17.69	YES
ERR14788991	k141_5324	Sedoreoviridae	1589	778	100.00	101.58	YES
ERR14788991	k141_2057	Caliciviridae	2461	413	100.00	33.18	YES
ERR14788991	k141_4019	Sedoreoviridae	1115	108	100.00	19.30	YES
ERR14788991	k141_4973	Sedoreoviridae	1772	177	100.00	19.80	YES
ERR14788991	k141_3353	Adenoviridae	1039	91	100.00	20.68	YES
ERR14788991	k141_5592	Caliciviridae	2221	235	100.00	16.25	YES
ERR14788991	k141_5099	Astroviridae	2878	4442	96.70	251.98	YES
ERR14788991	k141_1676	Sedoreoviridae	1045	161	99.81	23.81	YES
ERR14788991	k141_4783	Caliciviridae	2777	553	100.00	38.74	YES
ERR14788991	k141_5013	Sedoreoviridae	1066	291	100.00	43.42	YES
ERR14788991	k141_5815	Sedoreoviridae	1923	478	99.95	40.03	YES
ERR14788991	k141_4017	Sedoreoviridae	1745	579	100.00	65.61	YES
ERR14788991	k141_3928	Astroviridae	3597	9149	100.00	415.05	YES
ERR14788991	k141_2217	Astroviridae	2320	465	100.00	31.60	YES
ERR14788991	k141_4602	Sedoreoviridae	2053	195	99.61	17.37	YES
ERR14788991	k141_3749	Sedoreoviridae	1110	91	100.00	17.55	YES
ERR14788992	k141_13885	Astroviridae	6925	17685	100.00	461.41	YES
ERR14788992	k141_11532	Sedoreoviridae	3969	1052	99.62	36.94	YES
ERR14788992	k141_14248	Sedoreoviridae	3205	889	100.00	57.10	YES
ERR14788992	k141_8616	Sedoreoviridae	3408	2641	99.65	82.04	YES
ERR14788992	k141_5030	Adenoviridae	1610	141	100.00	18.28	YES
ERR14788992	k141_13491	Sedoreoviridae	2276	369	96.35	28.50	YES
ERR14788992	k141_13172	Caliciviridae	1118	119	99.73	18.28	YES
ERR14788992	k141_5652	Sedoreoviridae	1311	327	100.00	48.42	YES
ERR14788992	k141_12144	Caliciviridae	1690	85	100.00	10.48	YES
ERR14788992	k141_5477	Astroviridae	3181	2194	100.00	120.94	YES
ERR14788992	k141_7803	Sedoreoviridae	1004	161	100.00	17.18	YES
ERR14788992	k141_10427	Sedoreoviridae	1350	241	98.89	23.78	YES
ERR14788992	k141_4476	Sedoreoviridae	2450	121	100.00	10.46	YES
ERR14788992	k141_303	Astroviridae	2761	3268	99.17	200.64	YES
ERR14788992	k141_744	Sedoreoviridae	2743	832	99.74	49.13	YES
ERR14788992	k141_1970	Sedoreoviridae	1490	84	100.00	11.78	YES
ERR14788992	k141_8526	Sedoreoviridae	1408	475	100.00	60.23	YES
ERR14788992	k141_4651	Caliciviridae	1034	67	100.00	12.48	YES
ERR14788992	k141_13999	Caliciviridae	1111	62	100.00	12.25	YES
ERR14788992	k141_2176	Sedoreoviridae	1922	482	95.16	45.96	YES
ERR14788992	k141_14272	Parvoviridae	2469	182	99.35	14.35	YES
ERR14788992	k141_382	Sedoreoviridae	1877	446	100.00	44.12	YES
ERR14788992	k141_1500	Sedoreoviridae	1332	267	96.70	16.79	YES
ERR14788992	k141_12191	Sedoreoviridae	1376	521	98.98	31.50	YES
ERR14788992	k141_8339	Parvoviridae	5165	1684	99.98	57.47	YES
ERR14788992	k141_6124	Sedoreoviridae	2190	122	100.00	12.03	YES
ERR14788992	k141_10693	Parvoviridae	1759	161	100.00	19.60	YES
ERR14788992	k141_9999	Parvoviridae	1269	124	96.30	20.83	YES
ERR14788992	k141_7633	Sedoreoviridae	2074	965	98.46	73.94	YES
ERR14788992	k141_2824	Sedoreoviridae	3596	855	100.00	33.96	YES
ERR14788995	k141_2627	Astroviridae	1455	129	99.93	13.92	YES
ERR14788995	k141_7572	Parvoviridae	5456	535	97.91	18.76	YES
ERR14788995	k141_6225	Parvoviridae	5313	1380	99.34	43.02	YES
ERR14788995	k141_3829	Adenoviridae	22263	1908	100.00	15.53	YES
ERR14788995	k141_7513	Picornaviridae	2262	1120	99.38	46.08	YES
ERR14788995	k141_2517	Parvoviridae	2055	102	100.00	10.54	YES
ERR14788995	k141_5444	Astroviridae	2644	217	98.56	10.60	YES
ERR14788995	k141_9136	Adenoviridae	11712	891	100.00	13.68	YES
ERR14789044	k141_2387	Astroviridae	3810	460	99.97	23.24	YES
ERR14789044	k141_2725	Caliciviridae	2358	361	99.96	26.24	YES
ERR14789044	k141_33	Astroviridae	1664	285	100.00	23.29	YES
ERR14789044	k141_971	Caliciviridae	1142	149	100.00	16.24	YES
ERR14789044	k141_1945	Adenoviridae	2865	198	100.00	13.66	YES
ERR14789044	k141_3682	Parvoviridae	2174	208	100.00	17.78	YES
ERR14789044	k141_25	Caliciviridae	2648	218	100.00	14.73	YES
ERR14789044	k141_3196	Astroviridae	1640	300	98.90	34.15	YES
ERR14789044	k141_1969	Astroviridae	1038	127	95.95	18.51	YES
ERR14789044	k141_1274	Picornaviridae	1061	91	100.00	14.01	YES
ERR14789044	k141_3120	Parvoviridae	3833	304	98.59	15.43	YES
ERR14789044	k141_3535	Parvoviridae	1802	169	100.00	16.15	YES
ERR14789044	k141_3236	Caliciviridae	1235	93	100.00	13.45	YES
ERR14789044	k141_2134	Parvoviridae	1657	93	100.00	11.22	YES
ERR14789044	k141_584	Adenoviridae	5722	407	100.00	14.40	YES
ERR14788864	k141_22364	Astroviridae	4495	740	98.29	32.55	YES
ERR14788864	k141_8123	Astroviridae	2492	302	99.92	21.42	YES
ERR14788954	k141_3875	Caliciviridae	7721	2596	97.36	52.94	YES
ERR14788954	k141_113	Astroviridae	6868	50206	100.00	1157.67	YES
ERR14788954	k141_3618	Caliciviridae	4764	309	100.00	10.66	YES
ERR14788954	k141_3867	Picornaviridae	7092	3978	99.97	90.94	YES
ERR14788954	k141_14829	Picornaviridae	6088	2627	99.89	71.39	YES
ERR14788954	k141_10512	Picornaviridae	1593	169	99.87	16.38	YES
ERR14788954	k141_3382	Picornaviridae	1524	140	100.00	16.23	YES
ERR14788954	k141_20065	Picornaviridae	1888	129	98.41	10.71	YES
ERR14788954	k141_5565	Parvoviridae	1660	169	100.00	15.55	YES
ERR14788954	k141_15579	Caliciviridae	5510	765	99.66	22.38	YES
ERR14788954	k141_8437	Caliciviridae	1305	111	100.00	13.38	YES
ERR14788954	k141_18342	Picornaviridae	1980	494	100.00	41.26	YES
ERR14788954	k141_7587	Picornaviridae	1007	176	100.00	30.05	YES
ERR14788954	k141_20958	Picornaviridae	3327	563	100.00	24.76	YES
ERR14788954	k141_22796	Picornaviridae	1004	125	98.41	19.77	YES
ERR14788954	k141_12718	Adenoviridae	2465	217	100.00	14.71	YES
ERR14788954	k141_22664	Picornaviridae	2458	2196	100.00	99.44	YES
ERR14788954	k141_3447	Astroviridae	2508	444	100.00	25.71	YES
ERR14788954	k141_23799	Picornaviridae	1465	96	100.00	10.23	YES
ERR14788954	k141_23684	Astroviridae	2413	1061	99.38	61.33	YES
ERR14788954	k141_22448	Picornaviridae	2878	414	100.00	18.87	YES
ERR14788954	k141_9847	Adenoviridae	1005	81	99.90	11.46	YES
ERR14788954	k141_21279	Picornaviridae	1070	106	100.00	11.09	YES
ERR14788954	k141_10866	Picornaviridae	2371	493	100.00	36.59	YES
ERR14788954	k141_23605	Parvoviridae	1803	224	98.84	22.41	YES
ERR14788954	k141_8890	Adenoviridae	2826	328	98.73	17.37	YES
ERR14788954	k141_16872	Astroviridae	1925	235	100.00	20.68	YES
ERR14788954	k141_15999	Picornaviridae	2686	238	99.18	14.72	YES
ERR14788954	k141_11587	Parvoviridae	1377	197	100.00	26.75	YES
ERR14788954	k141_44	Adenoviridae	34268	1055445	100.00	5242.60	YES
ERR14788954	k141_21331	Astroviridae	2830	609	99.29	35.04	YES
ERR14788954	k141_1783	Adenoviridae	5194	862	99.88	26.00	YES
ERR14788954	k141_526	Caliciviridae	1745	160	95.47	14.57	YES
ERR14788954	k141_19102	Picornaviridae	1187	368	99.92	31.55	YES
ERR14788954	k141_15422	Picornaviridae	1294	159	96.06	17.28	YES
