family	cluster_id	representative	representative_length	cluster_size	sample_count	samples	members
Adenoviridae	Adenoviridae_C001	ERR14788954|k141_44	34268	5	4	ERR14788954,ERR14788991,ERR14788995,ERR14789044	ERR14788954|k141_44,ERR14788995|k141_9136,ERR14789044|k141_584,ERR14789044|k141_1945,ERR14788991|k141_3353
Adenoviridae	Adenoviridae_C002	ERR14788995|k141_3829	22263	2	2	ERR14788992,ERR14788995	ERR14788995|k141_3829,ERR14788992|k141_5030
Adenoviridae	Adenoviridae_C003	ERR14788954|k141_1783	5194	1	1	ERR14788954	ERR14788954|k141_1783
Adenoviridae	Adenoviridae_C004	ERR14788954|k141_8890	2826	1	1	ERR14788954	ERR14788954|k141_8890
Adenoviridae	Adenoviridae_C005	ERR14788954|k141_12718	2465	1	1	ERR14788954	ERR14788954|k141_12718
Adenoviridae	Adenoviridae_C006	ERR14788954|k141_9847	1005	1	1	ERR14788954	ERR14788954|k141_9847
Astroviridae	Astroviridae_C001	ERR14788992|k141_13885	6925	8	6	ERR14788864,ERR14788990,ERR14788991,ERR14788992,ERR14788995,ERR14789044	ERR14788992|k141_13885,ERR14788990|k141_843,ERR14788864|k141_22364,ERR14788991|k141_4097,ERR14788991|k141_5099,ERR14788995|k141_5444,ERR14788864|k141_8123,ERR14789044|k141_3196
Astroviridae	Astroviridae_C005	ERR14788990|k141_1202	4497	3	3	ERR14788990,ERR14788991,ERR14788992	ERR14788990|k141_1202,ERR14788991|k141_3928,ERR14788992|k141_303
Astroviridae	Astroviridae_C008	ERR14788991|k141_1065	3629	3	3	ERR14788990,ERR14788991,ERR14788992	ERR14788991|k141_1065,ERR14788990|k141_708,ERR14788992|k141_5477
Astroviridae	Astroviridae_C002	ERR14788954|k141_113	6868	2	2	ERR14788954,ERR14788990	ERR14788954|k141_113,ERR14788990|k141_1995
Astroviridae	Astroviridae_C006	ERR14788988|k141_8673	4106	2	2	ERR14788988,ERR14788990	ERR14788988|k141_8673,ERR14788990|k141_1842
Astroviridae	Astroviridae_C003	ERR14788988|k141_14774	6459	1	1	ERR14788988	ERR14788988|k141_14774
Astroviridae	Astroviridae_C004	ERR14788991|k141_1036	5333	1	1	ERR14788991	ERR14788991|k141_1036
Astroviridae	Astroviridae_C007	ERR14789044|k141_2387	3810	1	1	ERR14789044	ERR14789044|k141_2387
Astroviridae	Astroviridae_C009	ERR14788954|k141_21331	2830	1	1	ERR14788954	ERR14788954|k141_21331
Astroviridae	Astroviridae_C010	ERR14788954|k141_3447	2508	1	1	ERR14788954	ERR14788954|k141_3447
Astroviridae	Astroviridae_C011	ERR14788954|k141_23684	2413	1	1	ERR14788954	ERR14788954|k141_23684
Astroviridae	Astroviridae_C012	ERR14788991|k141_2217	2320	1	1	ERR14788991	ERR14788991|k141_2217
Astroviridae	Astroviridae_C013	ERR14788991|k141_1804	2066	1	1	ERR14788991	ERR14788991|k141_1804
Astroviridae	Astroviridae_C014	ERR14788990|k141_568	2013	1	1	ERR14788990	ERR14788990|k141_568
Astroviridae	Astroviridae_C015	ERR14788954|k141_16872	1925	1	1	ERR14788954	ERR14788954|k141_16872
Astroviridae	Astroviridae_C016	ERR14789044|k141_33	1664	1	1	ERR14789044	ERR14789044|k141_33
Astroviridae	Astroviridae_C017	ERR14788990|k141_1280	1520	1	1	ERR14788990	ERR14788990|k141_1280
Astroviridae	Astroviridae_C018	ERR14788995|k141_2627	1455	1	1	ERR14788995	ERR14788995|k141_2627
Astroviridae	Astroviridae_C019	ERR14788990|k141_2323	1356	1	1	ERR14788990	ERR14788990|k141_2323
Astroviridae	Astroviridae_C020	ERR14788990|k141_2898	1085	1	1	ERR14788990	ERR14788990|k141_2898
Astroviridae	Astroviridae_C021	ERR14789044|k141_1969	1038	1	1	ERR14789044	ERR14789044|k141_1969
Astroviridae	Astroviridae_C022	ERR14788990|k141_238	1000	1	1	ERR14788990	ERR14788990|k141_238
Caliciviridae	Caliciviridae_C004	ERR14788991|k141_4783	2777	4	4	ERR14788954,ERR14788988,ERR14788991,ERR14788992	ERR14788991|k141_4783,ERR14788988|k141_17346,ERR14788954|k141_8437,ERR14788992|k141_13172
Caliciviridae	Caliciviridae_C009	ERR14788991|k141_4615	1766	2	2	ERR14788991,ERR14788992	ERR14788991|k141_4615,ERR14788992|k141_13999
Caliciviridae	Caliciviridae_C001	ERR14788954|k141_3875	7721	1	1	ERR14788954	ERR14788954|k141_3875
Caliciviridae	Caliciviridae_C002	ERR14788954|k141_15579	5510	1	1	ERR14788954	ERR14788954|k141_15579
Caliciviridae	Caliciviridae_C003	ERR14788954|k141_3618	4764	1	1	ERR14788954	ERR14788954|k141_3618
Caliciviridae	Caliciviridae_C005	ERR14789044|k141_25	2648	1	1	ERR14789044	ERR14789044|k141_25
Caliciviridae	Caliciviridae_C006	ERR14788991|k141_2057	2461	1	1	ERR14788991	ERR14788991|k141_2057
Caliciviridae	Caliciviridae_C007	ERR14789044|k141_2725	2358	1	1	ERR14789044	ERR14789044|k141_2725
Caliciviridae	Caliciviridae_C008	ERR14788991|k141_5592	2221	1	1	ERR14788991	ERR14788991|k141_5592
Caliciviridae	Caliciviridae_C010	ERR14788954|k141_526	1745	1	1	ERR14788954	ERR14788954|k141_526
Caliciviridae	Caliciviridae_C011	ERR14788992|k141_12144	1690	1	1	ERR14788992	ERR14788992|k141_12144
Caliciviridae	Caliciviridae_C012	ERR14789044|k141_3236	1235	1	1	ERR14789044	ERR14789044|k141_3236
Caliciviridae	Caliciviridae_C013	ERR14789044|k141_971	1142	1	1	ERR14789044	ERR14789044|k141_971
Caliciviridae	Caliciviridae_C014	ERR14788990|k141_36	1065	1	1	ERR14788990	ERR14788990|k141_36
Caliciviridae	Caliciviridae_C015	ERR14788992|k141_4651	1034	1	1	ERR14788992	ERR14788992|k141_4651
Parvoviridae	Parvoviridae_C001	ERR14788995|k141_7572	5456	5	5	ERR14788954,ERR14788990,ERR14788992,ERR14788995,ERR14789044	ERR14788995|k141_7572,ERR14788992|k141_14272,ERR14788990|k141_1899,ERR14788954|k141_23605,ERR14789044|k141_2134
Parvoviridae	Parvoviridae_C002	ERR14788995|k141_6225	5313	4	4	ERR14788990,ERR14788991,ERR14788992,ERR14788995	ERR14788995|k141_6225,ERR14788991|k141_5359,ERR14788992|k141_8339,ERR14788990|k141_2515
Parvoviridae	Parvoviridae_C006	ERR14789044|k141_3535	1802	3	3	ERR14788990,ERR14788992,ERR14789044	ERR14789044|k141_3535,ERR14788992|k141_10693,ERR14788990|k141_2776
Parvoviridae	Parvoviridae_C004	ERR14789044|k141_3682	2174	2	2	ERR14788992,ERR14789044	ERR14789044|k141_3682,ERR14788992|k141_9999
Parvoviridae	Parvoviridae_C003	ERR14789044|k141_3120	3833	1	1	ERR14789044	ERR14789044|k141_3120
Parvoviridae	Parvoviridae_C005	ERR14788995|k141_2517	2055	1	1	ERR14788995	ERR14788995|k141_2517
Parvoviridae	Parvoviridae_C007	ERR14788954|k141_5565	1660	1	1	ERR14788954	ERR14788954|k141_5565
Parvoviridae	Parvoviridae_C008	ERR14788954|k141_11587	1377	1	1	ERR14788954	ERR14788954|k141_11587
Parvoviridae	Parvoviridae_C009	ERR14788990|k141_2921	1126	1	1	ERR14788990	ERR14788990|k141_2921
Picornaviridae	Picornaviridae_C001	ERR14788954|k141_3867	7092	1	1	ERR14788954	ERR14788954|k141_3867
Picornaviridae	Picornaviridae_C002	ERR14788954|k141_14829	6088	1	1	ERR14788954	ERR14788954|k141_14829
Picornaviridae	Picornaviridae_C003	ERR14788954|k141_20958	3327	1	1	ERR14788954	ERR14788954|k141_20958
Picornaviridae	Picornaviridae_C004	ERR14788988|k141_8449	2954	1	1	ERR14788988	ERR14788988|k141_8449
Picornaviridae	Picornaviridae_C005	ERR14788954|k141_22448	2878	1	1	ERR14788954	ERR14788954|k141_22448
Picornaviridae	Picornaviridae_C006	ERR14788954|k141_15999	2686	1	1	ERR14788954	ERR14788954|k141_15999
Picornaviridae	Picornaviridae_C007	ERR14788954|k141_22664	2458	1	1	ERR14788954	ERR14788954|k141_22664
Picornaviridae	Picornaviridae_C008	ERR14788954|k141_10866	2371	1	1	ERR14788954	ERR14788954|k141_10866
Picornaviridae	Picornaviridae_C009	ERR14788995|k141_7513	2262	1	1	ERR14788995	ERR14788995|k141_7513
Picornaviridae	Picornaviridae_C010	ERR14788954|k141_18342	1980	1	1	ERR14788954	ERR14788954|k141_18342
Picornaviridae	Picornaviridae_C011	ERR14788954|k141_20065	1888	1	1	ERR14788954	ERR14788954|k141_20065
Picornaviridae	Picornaviridae_C012	ERR14788954|k141_10512	1593	1	1	ERR14788954	ERR14788954|k141_10512
Picornaviridae	Picornaviridae_C013	ERR14788954|k141_3382	1524	1	1	ERR14788954	ERR14788954|k141_3382
Picornaviridae	Picornaviridae_C014	ERR14788954|k141_23799	1465	1	1	ERR14788954	ERR14788954|k141_23799
Picornaviridae	Picornaviridae_C015	ERR14788954|k141_15422	1294	1	1	ERR14788954	ERR14788954|k141_15422
Picornaviridae	Picornaviridae_C016	ERR14788954|k141_19102	1187	1	1	ERR14788954	ERR14788954|k141_19102
Picornaviridae	Picornaviridae_C017	ERR14788991|k141_5462	1116	1	1	ERR14788991	ERR14788991|k141_5462
Picornaviridae	Picornaviridae_C018	ERR14788954|k141_21279	1070	1	1	ERR14788954	ERR14788954|k141_21279
Picornaviridae	Picornaviridae_C019	ERR14789044|k141_1274	1061	1	1	ERR14789044	ERR14789044|k141_1274
Picornaviridae	Picornaviridae_C020	ERR14788954|k141_7587	1007	1	1	ERR14788954	ERR14788954|k141_7587
Picornaviridae	Picornaviridae_C021	ERR14788954|k141_22796	1004	1	1	ERR14788954	ERR14788954|k141_22796
Sedoreoviridae	Sedoreoviridae_C004	ERR14788992|k141_14248	3205	3	3	ERR14788990,ERR14788991,ERR14788992	ERR14788992|k141_14248,ERR14788990|k141_1370,ERR14788991|k141_5324
Sedoreoviridae	Sedoreoviridae_C012	ERR14788992|k141_2176	1922	3	3	ERR14788990,ERR14788991,ERR14788992	ERR14788992|k141_2176,ERR14788990|k141_2678,ERR14788991|k141_1676
Sedoreoviridae	Sedoreoviridae_C001	ERR14788992|k141_11532	3969	2	2	ERR14788991,ERR14788992	ERR14788992|k141_11532,ERR14788991|k141_4017
Sedoreoviridae	Sedoreoviridae_C011	ERR14788991|k141_5815	1923	2	2	ERR14788991,ERR14788992	ERR14788991|k141_5815,ERR14788992|k141_10427
Sedoreoviridae	Sedoreoviridae_C013	ERR14788992|k141_382	1877	2	2	ERR14788990,ERR14788992	ERR14788992|k141_382,ERR14788990|k141_400
Sedoreoviridae	Sedoreoviridae_C014	ERR14788991|k141_4973	1772	2	2	ERR14788991,ERR14788992	ERR14788991|k141_4973,ERR14788992|k141_8526
Sedoreoviridae	Sedoreoviridae_C002	ERR14788992|k141_2824	3596	1	1	ERR14788992	ERR14788992|k141_2824
Sedoreoviridae	Sedoreoviridae_C003	ERR14788992|k141_8616	3408	1	1	ERR14788992	ERR14788992|k141_8616
Sedoreoviridae	Sedoreoviridae_C005	ERR14788992|k141_744	2743	1	1	ERR14788992	ERR14788992|k141_744
Sedoreoviridae	Sedoreoviridae_C006	ERR14788992|k141_4476	2450	1	1	ERR14788992	ERR14788992|k141_4476
Sedoreoviridae	Sedoreoviridae_C007	ERR14788992|k141_13491	2276	1	1	ERR14788992	ERR14788992|k141_13491
Sedoreoviridae	Sedoreoviridae_C008	ERR14788992|k141_6124	2190	1	1	ERR14788992	ERR14788992|k141_6124
Sedoreoviridae	Sedoreoviridae_C009	ERR14788992|k141_7633	2074	1	1	ERR14788992	ERR14788992|k141_7633
Sedoreoviridae	Sedoreoviridae_C010	ERR14788991|k141_4602	2053	1	1	ERR14788991	ERR14788991|k141_4602
Sedoreoviridae	Sedoreoviridae_C015	ERR14788992|k141_1970	1490	1	1	ERR14788992	ERR14788992|k141_1970
Sedoreoviridae	Sedoreoviridae_C016	ERR14788992|k141_12191	1376	1	1	ERR14788992	ERR14788992|k141_12191
Sedoreoviridae	Sedoreoviridae_C017	ERR14788992|k141_1500	1332	1	1	ERR14788992	ERR14788992|k141_1500
Sedoreoviridae	Sedoreoviridae_C018	ERR14788992|k141_5652	1311	1	1	ERR14788992	ERR14788992|k141_5652
Sedoreoviridae	Sedoreoviridae_C019	ERR14788991|k141_3712	1215	1	1	ERR14788991	ERR14788991|k141_3712
Sedoreoviridae	Sedoreoviridae_C020	ERR14788991|k141_4019	1115	1	1	ERR14788991	ERR14788991|k141_4019
Sedoreoviridae	Sedoreoviridae_C021	ERR14788991|k141_3749	1110	1	1	ERR14788991	ERR14788991|k141_3749
Sedoreoviridae	Sedoreoviridae_C022	ERR14788991|k141_5013	1066	1	1	ERR14788991	ERR14788991|k141_5013
Sedoreoviridae	Sedoreoviridae_C023	ERR14788992|k141_7803	1004	1	1	ERR14788992	ERR14788992|k141_7803
