unique_id	sample	contig	family	length	breadth1_pct	mean_depth_mapq10	mapped_reads
ERR14788990|k141_843	ERR14788990	k141_843	Astroviridae	5171	100.00	516.28	14934
ERR14788990|k141_2323	ERR14788990	k141_2323	Astroviridae	1356	98.30	28.49	1233
ERR14788990|k141_1370	ERR14788990	k141_1370	Sedoreoviridae	2675	95.81	50.14	632
ERR14788990|k141_2921	ERR14788990	k141_2921	Parvoviridae	1126	100.00	16.40	135
ERR14788990|k141_1202	ERR14788990	k141_1202	Astroviridae	4497	96.71	347.93	11189
ERR14788990|k141_1842	ERR14788990	k141_1842	Astroviridae	1170	100.00	39.71	203
ERR14788990|k141_36	ERR14788990	k141_36	Caliciviridae	1065	100.00	27.81	136
ERR14788990|k141_400	ERR14788990	k141_400	Sedoreoviridae	1424	100.00	19.61	119
ERR14788990|k141_1280	ERR14788990	k141_1280	Astroviridae	1520	100.00	49.24	348
ERR14788990|k141_1995	ERR14788990	k141_1995	Astroviridae	1974	99.14	79.58	912
ERR14788990|k141_2515	ERR14788990	k141_2515	Parvoviridae	1448	100.00	19.85	159
ERR14788990|k141_708	ERR14788990	k141_708	Astroviridae	3444	99.42	262.28	5069
ERR14788990|k141_1899	ERR14788990	k141_1899	Parvoviridae	1816	100.00	33.16	269
ERR14788990|k141_238	ERR14788990	k141_238	Astroviridae	1000	100.00	65.44	367
ERR14788990|k141_2898	ERR14788990	k141_2898	Astroviridae	1085	100.00	34.06	171
ERR14788990|k141_2678	ERR14788990	k141_2678	Sedoreoviridae	1625	100.00	24.39	218
ERR14788990|k141_568	ERR14788990	k141_568	Astroviridae	2013	97.47	44.03	813
ERR14788990|k141_2776	ERR14788990	k141_2776	Parvoviridae	1258	100.00	38.51	192
ERR14788988|k141_14774	ERR14788988	k141_14774	Astroviridae	6459	99.71	11.65	388
ERR14788988|k141_8673	ERR14788988	k141_8673	Astroviridae	4106	97.17	23.44	543
ERR14788988|k141_17346	ERR14788988	k141_17346	Caliciviridae	2709	99.96	13.36	185
ERR14788988|k141_8449	ERR14788988	k141_8449	Picornaviridae	2954	100.00	21.77	403
ERR14788991|k141_1036	ERR14788991	k141_1036	Astroviridae	5333	99.57	66.97	2370
ERR14788991|k141_4097	ERR14788991	k141_4097	Astroviridae	3984	100.00	368.18	8385
ERR14788991|k141_1065	ERR14788991	k141_1065	Astroviridae	3629	98.18	268.31	5873
ERR14788991|k141_1804	ERR14788991	k141_1804	Astroviridae	2066	99.81	112.83	1763
ERR14788991|k141_5359	ERR14788991	k141_5359	Parvoviridae	5251	100.00	34.80	1093
ERR14788991|k141_3712	ERR14788991	k141_3712	Sedoreoviridae	1215	100.00	17.96	91
ERR14788991|k141_4615	ERR14788991	k141_4615	Caliciviridae	1766	100.00	32.31	267
ERR14788991|k141_5462	ERR14788991	k141_5462	Picornaviridae	1116	100.00	17.69	109
ERR14788991|k141_5324	ERR14788991	k141_5324	Sedoreoviridae	1589	100.00	101.58	778
ERR14788991|k141_2057	ERR14788991	k141_2057	Caliciviridae	2461	100.00	33.18	413
ERR14788991|k141_4019	ERR14788991	k141_4019	Sedoreoviridae	1115	100.00	19.30	108
ERR14788991|k141_4973	ERR14788991	k141_4973	Sedoreoviridae	1772	100.00	19.80	177
ERR14788991|k141_3353	ERR14788991	k141_3353	Adenoviridae	1039	100.00	20.68	91
ERR14788991|k141_5592	ERR14788991	k141_5592	Caliciviridae	2221	100.00	16.25	235
ERR14788991|k141_5099	ERR14788991	k141_5099	Astroviridae	2878	96.70	251.98	4442
ERR14788991|k141_1676	ERR14788991	k141_1676	Sedoreoviridae	1045	99.81	23.81	161
ERR14788991|k141_4783	ERR14788991	k141_4783	Caliciviridae	2777	100.00	38.74	553
ERR14788991|k141_5013	ERR14788991	k141_5013	Sedoreoviridae	1066	100.00	43.42	291
ERR14788991|k141_5815	ERR14788991	k141_5815	Sedoreoviridae	1923	99.95	40.03	478
ERR14788991|k141_4017	ERR14788991	k141_4017	Sedoreoviridae	1745	100.00	65.61	579
ERR14788991|k141_3928	ERR14788991	k141_3928	Astroviridae	3597	100.00	415.05	9149
ERR14788991|k141_2217	ERR14788991	k141_2217	Astroviridae	2320	100.00	31.60	465
ERR14788991|k141_4602	ERR14788991	k141_4602	Sedoreoviridae	2053	99.61	17.37	195
ERR14788991|k141_3749	ERR14788991	k141_3749	Sedoreoviridae	1110	100.00	17.55	91
ERR14788992|k141_13885	ERR14788992	k141_13885	Astroviridae	6925	100.00	461.41	17685
ERR14788992|k141_11532	ERR14788992	k141_11532	Sedoreoviridae	3969	99.62	36.94	1052
ERR14788992|k141_14248	ERR14788992	k141_14248	Sedoreoviridae	3205	100.00	57.10	889
ERR14788992|k141_8616	ERR14788992	k141_8616	Sedoreoviridae	3408	99.65	82.04	2641
ERR14788992|k141_5030	ERR14788992	k141_5030	Adenoviridae	1610	100.00	18.28	141
ERR14788992|k141_13491	ERR14788992	k141_13491	Sedoreoviridae	2276	96.35	28.50	369
ERR14788992|k141_13172	ERR14788992	k141_13172	Caliciviridae	1118	99.73	18.28	119
ERR14788992|k141_5652	ERR14788992	k141_5652	Sedoreoviridae	1311	100.00	48.42	327
ERR14788992|k141_12144	ERR14788992	k141_12144	Caliciviridae	1690	100.00	10.48	85
ERR14788992|k141_5477	ERR14788992	k141_5477	Astroviridae	3181	100.00	120.94	2194
ERR14788992|k141_7803	ERR14788992	k141_7803	Sedoreoviridae	1004	100.00	17.18	161
ERR14788992|k141_10427	ERR14788992	k141_10427	Sedoreoviridae	1350	98.89	23.78	241
ERR14788992|k141_4476	ERR14788992	k141_4476	Sedoreoviridae	2450	100.00	10.46	121
ERR14788992|k141_303	ERR14788992	k141_303	Astroviridae	2761	99.17	200.64	3268
ERR14788992|k141_744	ERR14788992	k141_744	Sedoreoviridae	2743	99.74	49.13	832
ERR14788992|k141_1970	ERR14788992	k141_1970	Sedoreoviridae	1490	100.00	11.78	84
ERR14788992|k141_8526	ERR14788992	k141_8526	Sedoreoviridae	1408	100.00	60.23	475
ERR14788992|k141_4651	ERR14788992	k141_4651	Caliciviridae	1034	100.00	12.48	67
ERR14788992|k141_13999	ERR14788992	k141_13999	Caliciviridae	1111	100.00	12.25	62
ERR14788992|k141_2176	ERR14788992	k141_2176	Sedoreoviridae	1922	95.16	45.96	482
ERR14788992|k141_14272	ERR14788992	k141_14272	Parvoviridae	2469	99.35	14.35	182
ERR14788992|k141_382	ERR14788992	k141_382	Sedoreoviridae	1877	100.00	44.12	446
ERR14788992|k141_1500	ERR14788992	k141_1500	Sedoreoviridae	1332	96.70	16.79	267
ERR14788992|k141_12191	ERR14788992	k141_12191	Sedoreoviridae	1376	98.98	31.50	521
ERR14788992|k141_8339	ERR14788992	k141_8339	Parvoviridae	5165	99.98	57.47	1684
ERR14788992|k141_6124	ERR14788992	k141_6124	Sedoreoviridae	2190	100.00	12.03	122
ERR14788992|k141_10693	ERR14788992	k141_10693	Parvoviridae	1759	100.00	19.60	161
ERR14788992|k141_9999	ERR14788992	k141_9999	Parvoviridae	1269	96.30	20.83	124
ERR14788992|k141_7633	ERR14788992	k141_7633	Sedoreoviridae	2074	98.46	73.94	965
ERR14788992|k141_2824	ERR14788992	k141_2824	Sedoreoviridae	3596	100.00	33.96	855
ERR14788995|k141_2627	ERR14788995	k141_2627	Astroviridae	1455	99.93	13.92	129
ERR14788995|k141_7572	ERR14788995	k141_7572	Parvoviridae	5456	97.91	18.76	535
ERR14788995|k141_6225	ERR14788995	k141_6225	Parvoviridae	5313	99.34	43.02	1380
ERR14788995|k141_3829	ERR14788995	k141_3829	Adenoviridae	22263	100.00	15.53	1908
ERR14788995|k141_7513	ERR14788995	k141_7513	Picornaviridae	2262	99.38	46.08	1120
ERR14788995|k141_2517	ERR14788995	k141_2517	Parvoviridae	2055	100.00	10.54	102
ERR14788995|k141_5444	ERR14788995	k141_5444	Astroviridae	2644	98.56	10.60	217
ERR14788995|k141_9136	ERR14788995	k141_9136	Adenoviridae	11712	100.00	13.68	891
ERR14789044|k141_2387	ERR14789044	k141_2387	Astroviridae	3810	99.97	23.24	460
ERR14789044|k141_2725	ERR14789044	k141_2725	Caliciviridae	2358	99.96	26.24	361
ERR14789044|k141_33	ERR14789044	k141_33	Astroviridae	1664	100.00	23.29	285
ERR14789044|k141_971	ERR14789044	k141_971	Caliciviridae	1142	100.00	16.24	149
ERR14789044|k141_1945	ERR14789044	k141_1945	Adenoviridae	2865	100.00	13.66	198
ERR14789044|k141_3682	ERR14789044	k141_3682	Parvoviridae	2174	100.00	17.78	208
ERR14789044|k141_25	ERR14789044	k141_25	Caliciviridae	2648	100.00	14.73	218
ERR14789044|k141_3196	ERR14789044	k141_3196	Astroviridae	1640	98.90	34.15	300
ERR14789044|k141_1969	ERR14789044	k141_1969	Astroviridae	1038	95.95	18.51	127
ERR14789044|k141_1274	ERR14789044	k141_1274	Picornaviridae	1061	100.00	14.01	91
ERR14789044|k141_3120	ERR14789044	k141_3120	Parvoviridae	3833	98.59	15.43	304
ERR14789044|k141_3535	ERR14789044	k141_3535	Parvoviridae	1802	100.00	16.15	169
ERR14789044|k141_3236	ERR14789044	k141_3236	Caliciviridae	1235	100.00	13.45	93
ERR14789044|k141_2134	ERR14789044	k141_2134	Parvoviridae	1657	100.00	11.22	93
ERR14789044|k141_584	ERR14789044	k141_584	Adenoviridae	5722	100.00	14.40	407
ERR14788864|k141_22364	ERR14788864	k141_22364	Astroviridae	4495	98.29	32.55	740
ERR14788864|k141_8123	ERR14788864	k141_8123	Astroviridae	2492	99.92	21.42	302
ERR14788954|k141_3875	ERR14788954	k141_3875	Caliciviridae	7721	97.36	52.94	2596
ERR14788954|k141_113	ERR14788954	k141_113	Astroviridae	6868	100.00	1157.67	50206
ERR14788954|k141_3618	ERR14788954	k141_3618	Caliciviridae	4764	100.00	10.66	309
ERR14788954|k141_3867	ERR14788954	k141_3867	Picornaviridae	7092	99.97	90.94	3978
ERR14788954|k141_14829	ERR14788954	k141_14829	Picornaviridae	6088	99.89	71.39	2627
ERR14788954|k141_10512	ERR14788954	k141_10512	Picornaviridae	1593	99.87	16.38	169
ERR14788954|k141_3382	ERR14788954	k141_3382	Picornaviridae	1524	100.00	16.23	140
ERR14788954|k141_20065	ERR14788954	k141_20065	Picornaviridae	1888	98.41	10.71	129
ERR14788954|k141_5565	ERR14788954	k141_5565	Parvoviridae	1660	100.00	15.55	169
ERR14788954|k141_15579	ERR14788954	k141_15579	Caliciviridae	5510	99.66	22.38	765
ERR14788954|k141_8437	ERR14788954	k141_8437	Caliciviridae	1305	100.00	13.38	111
ERR14788954|k141_18342	ERR14788954	k141_18342	Picornaviridae	1980	100.00	41.26	494
ERR14788954|k141_7587	ERR14788954	k141_7587	Picornaviridae	1007	100.00	30.05	176
ERR14788954|k141_20958	ERR14788954	k141_20958	Picornaviridae	3327	100.00	24.76	563
ERR14788954|k141_22796	ERR14788954	k141_22796	Picornaviridae	1004	98.41	19.77	125
ERR14788954|k141_12718	ERR14788954	k141_12718	Adenoviridae	2465	100.00	14.71	217
ERR14788954|k141_22664	ERR14788954	k141_22664	Picornaviridae	2458	100.00	99.44	2196
ERR14788954|k141_3447	ERR14788954	k141_3447	Astroviridae	2508	100.00	25.71	444
ERR14788954|k141_23799	ERR14788954	k141_23799	Picornaviridae	1465	100.00	10.23	96
ERR14788954|k141_23684	ERR14788954	k141_23684	Astroviridae	2413	99.38	61.33	1061
ERR14788954|k141_22448	ERR14788954	k141_22448	Picornaviridae	2878	100.00	18.87	414
ERR14788954|k141_9847	ERR14788954	k141_9847	Adenoviridae	1005	99.90	11.46	81
ERR14788954|k141_21279	ERR14788954	k141_21279	Picornaviridae	1070	100.00	11.09	106
ERR14788954|k141_10866	ERR14788954	k141_10866	Picornaviridae	2371	100.00	36.59	493
ERR14788954|k141_23605	ERR14788954	k141_23605	Parvoviridae	1803	98.84	22.41	224
ERR14788954|k141_8890	ERR14788954	k141_8890	Adenoviridae	2826	98.73	17.37	328
ERR14788954|k141_16872	ERR14788954	k141_16872	Astroviridae	1925	100.00	20.68	235
ERR14788954|k141_15999	ERR14788954	k141_15999	Picornaviridae	2686	99.18	14.72	238
ERR14788954|k141_11587	ERR14788954	k141_11587	Parvoviridae	1377	100.00	26.75	197
ERR14788954|k141_44	ERR14788954	k141_44	Adenoviridae	34268	100.00	5242.60	1055445
ERR14788954|k141_21331	ERR14788954	k141_21331	Astroviridae	2830	99.29	35.04	609
ERR14788954|k141_1783	ERR14788954	k141_1783	Adenoviridae	5194	99.88	26.00	862
ERR14788954|k141_526	ERR14788954	k141_526	Caliciviridae	1745	95.47	14.57	160
ERR14788954|k141_19102	ERR14788954	k141_19102	Picornaviridae	1187	99.92	31.55	368
ERR14788954|k141_15422	ERR14788954	k141_15422	Picornaviridae	1294	96.06	17.28	159
