priority	family	cluster_id	representative	representative_length	cluster_size	sample_count	samples	best_refseq_accession	best_refseq_name	pident_pct	query_coverage_pct	alignment_length	bitscore	match_quality	best_refseq_title
cross_sample	Astroviridae	Astroviridae_C001	ERR14788992|k141_13885	6925	8	6	ERR14788864,ERR14788990,ERR14788991,ERR14788992,ERR14788995,ERR14789044	NC_001943	Human astrovirus	94.863	98	6794	10667	strong	Human astrovirus, complete genome
cross_sample	Parvoviridae	Parvoviridae_C001	ERR14788995|k141_7572	5456	5	5	ERR14788954,ERR14788990,ERR14788992,ERR14788995,ERR14789044	NC_012564	Human bocavirus 3	99.694	96	5229	9351	strong	Human bocavirus 3, complete genome
cross_sample	Adenoviridae	Adenoviridae_C001	ERR14788954|k141_44	34268	5	4	ERR14788954,ERR14788991,ERR14788995,ERR14789044	NC_001454	Human mastadenovirus F	85.463	88	30515	34993	moderate	Human adenovirus F, complete genome
cross_sample	Caliciviridae	Caliciviridae_C004	ERR14788991|k141_4783	2777	4	4	ERR14788954,ERR14788988,ERR14788991,ERR14788992	NC_006269	Sapovirus Hu/Dresden/pJG-Sap01/DE	73.666	94	2605	1586	partial_or_divergent	Sapovirus Hu/Dresden/pJG-Sap01/DE, complete genome
cross_sample	Parvoviridae	Parvoviridae_C002	ERR14788995|k141_6225	5313	4	4	ERR14788990,ERR14788991,ERR14788992,ERR14788995	NC_038538	Porcine bocavirus H18	85.153	36	1933	2179	partial_or_divergent	Porcine bocavirus H18, partial genome
cross_sample	Astroviridae	Astroviridae_C005	ERR14788990|k141_1202	4497	3	3	ERR14788990,ERR14788991,ERR14788992	NC_030922	Mamastrovirus 1	89.880	84	3824	5176	moderate	Mamastrovirus 1 genomic RNA, complete genome, isolate: V1347
cross_sample	Astroviridae	Astroviridae_C008	ERR14788991|k141_1065	3629	3	3	ERR14788990,ERR14788991,ERR14788992	NC_001943	Human astrovirus	80.461	70	2559	2338	moderate	Human astrovirus, complete genome
cross_sample	Parvoviridae	Parvoviridae_C006	ERR14789044|k141_3535	1802	3	3	ERR14788990,ERR14788992,ERR14789044	NC_012042	Human bocavirus 2c PK	92.740	85	1529	2256	strong	Human bocavirus 2c PK isolate PK-5510, complete genome
cross_sample	Sedoreoviridae	Sedoreoviridae_C004	ERR14788992|k141_14248	3205	3	3	ERR14788990,ERR14788991,ERR14788992	NC_011508	Rotavirus A	77.599	72	2299	1822	partial_or_divergent	Rotavirus A segment 3, complete genome
cross_sample	Sedoreoviridae	Sedoreoviridae_C012	ERR14788992|k141_2176	1922	3	3	ERR14788990,ERR14788991,ERR14788992	NC_011507	Rotavirus A	85.704	75	1434	1663	moderate	Rotavirus A segment 1, complete genome
cross_sample	Adenoviridae	Adenoviridae_C002	ERR14788995|k141_3829	22263	2	2	ERR14788992,ERR14788995	NC_001454	Human mastadenovirus F	84.446	69	15372	16925	moderate	Human adenovirus F, complete genome
cross_sample	Astroviridae	Astroviridae_C002	ERR14788954|k141_113	6868	2	2	ERR14788954,ERR14788990	NC_001943	Human astrovirus	89.899	99	6841	9241	moderate	Human astrovirus, complete genome
cross_sample	Astroviridae	Astroviridae_C006	ERR14788988|k141_8673	4106	2	2	ERR14788988,ERR14788990	NC_001943	Human astrovirus	82.857	95	3920	4070	moderate	Human astrovirus, complete genome
cross_sample	Caliciviridae	Caliciviridae_C009	ERR14788991|k141_4615	1766	2	2	ERR14788991,ERR14788992	NC_006269	Sapovirus Hu/Dresden/pJG-Sap01/DE	71.010	98	1742	844	partial_or_divergent	Sapovirus Hu/Dresden/pJG-Sap01/DE, complete genome
cross_sample	Parvoviridae	Parvoviridae_C004	ERR14789044|k141_3682	2174	2	2	ERR14788992,ERR14789044	NC_012042	Human bocavirus 2c PK	92.215	96	2081	3015	strong	Human bocavirus 2c PK isolate PK-5510, complete genome
cross_sample	Sedoreoviridae	Sedoreoviridae_C001	ERR14788992|k141_11532	3969	2	2	ERR14788991,ERR14788992	NC_011507	Rotavirus A	85.643	45	1797	2075	partial_or_divergent	Rotavirus A segment 1, complete genome
cross_sample	Sedoreoviridae	Sedoreoviridae_C011	ERR14788991|k141_5815	1923	2	2	ERR14788991,ERR14788992	NC_011507	Rotavirus A	85.968	82	1575	1845	moderate	Rotavirus A segment 1, complete genome
cross_sample	Sedoreoviridae	Sedoreoviridae_C013	ERR14788992|k141_382	1877	2	2	ERR14788990,ERR14788992	NC_011508	Rotavirus A	79.363	97	1822	1591	partial_or_divergent	Rotavirus A segment 3, complete genome
cross_sample	Sedoreoviridae	Sedoreoviridae_C014	ERR14788991|k141_4973	1772	2	2	ERR14788991,ERR14788992	NC_011506	Rotavirus A	82.619	99	1749	1784	moderate	Rotavirus A segment 2, complete genome
picornavirus_singleton	Picornaviridae	Picornaviridae_C001	ERR14788954|k141_3867	7092	1	1	ERR14788954	NC_001472	Enterovirus B	75.591	98	7026	4812	partial_or_divergent	Human enterovirus B, complete genome
picornavirus_singleton	Picornaviridae	Picornaviridae_C002	ERR14788954|k141_14829	6088	1	1	ERR14788954	NC_001472	Enterovirus B	74.582	90	5496	3508	partial_or_divergent	Human enterovirus B, complete genome
picornavirus_singleton	Picornaviridae	Picornaviridae_C003	ERR14788954|k141_20958	3327	1	1	ERR14788954	NC_074775	aichivirus A1	86.422	100	3329	3968	moderate	Aichi virus genomic RNA, complete genome
picornavirus_singleton	Picornaviridae	Picornaviridae_C004	ERR14788988|k141_8449	2954	1	1	ERR14788988	NC_074775	aichivirus A1	91.214	99	2948	4149	strong	Aichi virus genomic RNA, complete genome
picornavirus_singleton	Picornaviridae	Picornaviridae_C005	ERR14788954|k141_22448	2878	1	1	ERR14788954	NC_002058	Enterovirus C	72.241	99	2882	1544	partial_or_divergent	Poliovirus, complete genome
